IDconsumidor,Genero,Idoso,Casado,Dependentes,Tempo_como_Cliente,Servico_Telefonia,Servico_Internet,Servico_Seguranca,Suporte_Tecnico,TV_assinatura,Tipo_Contrato,Metodo_Pagamento,Pagamento_Mensal,Total_Pago,Churn
7590-VHVEG,Female,0,Yes,No,1,No,DSL,No,No,No,Month-to-month,Electronic check,29.85,29.85,0.0
5575-GNVDE,Male,0,No,No,34,Yes,DSL,Yes,No,No,One year,Mailed check,56.95,1889.5,0.0
3668-QPYBK,Male,0,No,No,2,Yes,DSL,Yes,No,No,Month-to-month,Mailed check,53.85,108.15,1.0
7795-CFOCW,Male,0,No,No,45,No,DSL,Yes,Yes,No,One year,Bank transfer (automatic),65.60756321839081,1840.75,0.0
8191-XWSZG,Female,0,No,No,52,Yes,No,No internet service,No internet service,No internet service,One year,Mailed check,65.60756321839081,1022.95,0.0
9959-WOFKT,Male,0,No,Yes,71,Yes,Fiber optic,Yes,No,Yes,Two year,Bank transfer (automatic),65.60756321839081,7382.25,0.0
4190-MFLUW,Female,0,Yes,Yes,10,Yes,DSL,No,Yes,No,Month-to-month,Credit card (automatic),65.60756321839081,528.35,1.0
4183-MYFRB,Female,0,No,No,21,Yes,Fiber optic,No,No,No,Month-to-month,Electronic check,65.60756321839081,1862.9,0.0
8779-QRDMV,Male,1,No,No,1,No,DSL,No,No,No,Month-to-month,Electronic check,65.60756321839081,39.65,1.0
1680-VDCWW,Male,0,Yes,No,12,Yes,No,No internet service,No internet service,No internet service,One year,Bank transfer (automatic),65.60756321839081,202.25,0.0
1066-JKSGK,Male,0,No,No,1,Yes,No,No internet service,No internet service,No internet service,Month-to-month,Mailed check,65.60756321839081,20.15,1.0
3638-WEABW,Female,0,Yes,No,58,Yes,DSL,No,Yes,No,Two year,Credit card (automatic),65.60756321839081,3505.1,0.0
6322-HRPFA,Male,0,Yes,Yes,49,Yes,DSL,Yes,Yes,No,Month-to-month,Credit card (automatic),65.60756321839081,2970.3,0.0
6865-JZNKO,Female,0,No,No,30,Yes,DSL,Yes,No,No,Month-to-month,Bank transfer (automatic),65.60756321839081,1530.6,0.0
6467-CHFZW,Male,0,Yes,Yes,47,Yes,Fiber optic,No,No,Yes,Month-to-month,Electronic check,65.60756321839081,4749.15,1.0
8665-UTDHZ,Male,0,Yes,Yes,1,No,DSL,No,No,No,Month-to-month,Electronic check,65.60756321839081,30.2,1.0
5248-YGIJN,Male,0,Yes,No,72,Yes,DSL,Yes,Yes,Yes,Two year,Credit card (automatic),65.60756321839081,6369.45,0.0
8773-HHUOZ,Female,0,No,Yes,17,Yes,DSL,No,No,Yes,Month-to-month,Mailed check,65.60756321839081,1093.1,1.0
3841-NFECX,Female,1,Yes,No,71,Yes,Fiber optic,Yes,Yes,No,Two year,Credit card (automatic),65.60756321839081,6766.95,0.0
4929-XIHVW,Male,1,Yes,No,2,Yes,Fiber optic,No,No,Yes,Month-to-month,Credit card (automatic),65.60756321839081,181.65,0.0
6827-IEAUQ,Female,0,Yes,Yes,27,Yes,DSL,Yes,Yes,No,One year,Mailed check,65.60756321839081,1874.45,0.0
7310-EGVHZ,Male,0,No,No,1,Yes,No,No internet service,No internet service,No internet service,Month-to-month,Bank transfer (automatic),65.60756321839081,20.2,0.0
3413-BMNZE,Male,1,No,No,1,Yes,DSL,No,No,No,Month-to-month,Bank transfer (automatic),65.60756321839081,45.25,0.0
6234-RAAPL,Female,0,Yes,Yes,72,Yes,Fiber optic,Yes,Yes,Yes,Two year,Bank transfer (automatic),65.60756321839081,7251.7,0.0
6047-YHPVI,Male,0,No,No,5,Yes,Fiber optic,No,No,No,Month-to-month,Electronic check,65.60756321839081,316.9,1.0
6572-ADKRS,Female,0,No,No,46,Yes,Fiber optic,No,No,No,Month-to-month,Credit card (automatic),65.60756321839081,3548.3,0.0
5380-WJKOV,Male,0,No,No,34,Yes,Fiber optic,No,No,Yes,Month-to-month,Electronic check,65.60756321839081,3549.25,1.0
8168-UQWWF,Female,0,No,No,11,Yes,Fiber optic,No,No,Yes,Month-to-month,Bank transfer (automatic),65.60756321839081,1105.4,1.0
8865-TNMNX,Male,0,Yes,Yes,10,Yes,DSL,No,No,No,One year,Mailed check,65.60756321839081,475.7,0.0
9489-DEDVP,Female,0,Yes,Yes,70,Yes,DSL,Yes,No,Yes,Two year,Credit card (automatic),65.60756321839081,4872.35,0.0
9867-JCZSP,Female,0,Yes,Yes,17,Yes,No,No internet service,No internet service,No internet service,One year,Mailed check,65.60756321839081,418.25,0.0
4671-VJLCL,Female,0,No,No,63,Yes,DSL,Yes,Yes,Yes,Two year,Credit card (automatic),65.60756321839081,4861.45,0.0
4080-IIARD,Female,0,Yes,No,13,Yes,DSL,Yes,Yes,Yes,Month-to-month,Electronic check,65.60756321839081,981.45,0.0
3714-NTNFO,Female,0,No,No,49,Yes,Fiber optic,No,No,No,Month-to-month,Electronic check,65.60756321839081,3906.7,0.0
5948-UJZLF,Male,0,No,No,2,Yes,DSL,No,No,No,Month-to-month,Mailed check,65.60756321839081,97.0,0.0
7760-OYPDY,Female,0,No,No,2,Yes,Fiber optic,No,No,Yes,Month-to-month,Electronic check,65.60756321839081,144.15,1.0
7639-LIAYI,Male,0,No,No,52,Yes,DSL,Yes,Yes,Yes,Two year,Credit card (automatic),65.60756321839081,4217.8,0.0
2954-PIBKO,Female,0,Yes,Yes,69,Yes,DSL,Yes,Yes,No,Two year,Credit card (automatic),65.60756321839081,4254.1,0.0
8012-SOUDQ,Female,1,No,No,43,Yes,Fiber optic,No,No,Yes,Month-to-month,Electronic check,65.60756321839081,3838.75,0.0
9420-LOJKX,Female,0,No,No,15,Yes,Fiber optic,Yes,No,Yes,Month-to-month,Credit card (automatic),65.60756321839081,1426.4,1.0
6575-SUVOI,Female,1,Yes,No,25,Yes,DSL,Yes,Yes,Yes,Month-to-month,Credit card (automatic),65.60756321839081,1752.65,0.0
7495-OOKFY,Female,1,Yes,No,8,Yes,Fiber optic,No,No,No,Month-to-month,Credit card (automatic),65.60756321839081,633.3,1.0
4667-QONEA,Female,1,Yes,Yes,60,Yes,DSL,Yes,Yes,No,One year,Credit card (automatic),65.60756321839081,4456.35,0.0
1658-BYGOY,Male,1,No,No,18,Yes,Fiber optic,No,No,Yes,Month-to-month,Electronic check,65.60756321839081,1752.55,1.0
8769-KKTPH,Female,0,Yes,Yes,63,Yes,Fiber optic,Yes,No,Yes,One year,Credit card (automatic),65.60756321839081,6311.2,0.0
5067-XJQFU,Male,1,Yes,Yes,66,Yes,Fiber optic,No,Yes,Yes,One year,Electronic check,65.60756321839081,7076.35,0.0
3957-SQXML,Female,0,Yes,Yes,34,Yes,No,No internet service,No internet service,No internet service,Two year,Credit card (automatic),65.60756321839081,894.3,0.0
5954-BDFSG,Female,0,No,No,72,Yes,Fiber optic,No,Yes,Yes,Two year,Credit card (automatic),65.60756321839081,7853.7,0.0
0434-CSFON,Female,0,Yes,No,47,Yes,Fiber optic,No,No,Yes,Month-to-month,Electronic check,65.60756321839081,4707.1,0.0
1215-FIGMP,Male,0,No,No,60,Yes,Fiber optic,No,No,Yes,Month-to-month,Bank transfer (automatic),65.60756321839081,5450.7,0.0
0526-SXDJP,Male,0,Yes,No,72,No,DSL,Yes,No,No,Two year,Bank transfer (automatic),65.60756321839081,2962.0,0.0
0557-ASKVU,Female,0,Yes,Yes,18,Yes,DSL,No,Yes,No,One year,Credit card (automatic),65.60756321839081,957.1,0.0
5698-BQJOH,Female,0,No,No,9,Yes,Fiber optic,No,No,Yes,Month-to-month,Electronic check,65.60756321839081,857.25,1.0
5122-CYFXA,Female,0,No,No,3,Yes,DSL,No,Yes,Yes,Month-to-month,Electronic check,65.60756321839081,244.1,0.0
8627-ZYGSZ,Male,0,Yes,No,47,Yes,Fiber optic,No,No,No,One year,Electronic check,65.60756321839081,3650.35,0.0
3410-YOQBQ,Female,0,No,No,31,Yes,DSL,No,Yes,Yes,Two year,Mailed check,65.60756321839081,2497.2,0.0
3170-NMYVV,Female,0,Yes,Yes,50,Yes,No,No internet service,No internet service,No internet service,Two year,Bank transfer (automatic),65.60756321839081,930.9,0.0
7410-OIEDU,Male,0,No,No,10,Yes,Fiber optic,Yes,No,No,Month-to-month,Mailed check,65.60756321839081,887.35,0.0
2273-QCKXA,Male,0,No,No,1,Yes,DSL,No,Yes,No,Month-to-month,Mailed check,65.60756321839081,49.05,0.0
0731-EBJQB,Female,0,Yes,Yes,52,Yes,No,No internet service,No internet service,No internet service,One year,Electronic check,65.60756321839081,1090.65,0.0
1891-QRQSA,Male,1,Yes,Yes,64,Yes,Fiber optic,Yes,Yes,Yes,Two year,Bank transfer (automatic),65.60756321839081,7099.0,0.0
8028-PNXHQ,Male,0,Yes,Yes,62,Yes,No,No internet service,No internet service,No internet service,Two year,Bank transfer (automatic),65.60756321839081,1424.6,0.0
5630-AHZIL,Female,0,No,Yes,3,Yes,DSL,Yes,Yes,No,Month-to-month,Bank transfer (automatic),65.60756321839081,177.4,0.0
2673-CXQEU,Female,1,No,No,56,Yes,Fiber optic,Yes,No,Yes,One year,Electronic check,65.60756321839081,6139.5,0.0
6416-JNVRK,Female,0,No,No,46,Yes,DSL,No,No,No,One year,Credit card (automatic),65.60756321839081,2688.85,0.0
5590-ZSKRV,Female,0,Yes,Yes,8,Yes,DSL,Yes,No,No,Month-to-month,Mailed check,65.60756321839081,482.25,0.0
0191-ZHSKZ,Male,1,No,No,30,Yes,DSL,Yes,No,Yes,Month-to-month,Electronic check,65.60756321839081,2111.3,0.0
3887-PBQAO,Female,0,Yes,Yes,45,Yes,No,No internet service,No internet service,No internet service,One year,Credit card (automatic),65.60756321839081,1216.6,0.0
5919-TMRGD,Female,0,No,Yes,1,Yes,Fiber optic,No,No,Yes,Month-to-month,Electronic check,65.60756321839081,79.35,1.0
8108-UXRQN,Female,0,Yes,Yes,11,No,DSL,Yes,No,Yes,Month-to-month,Electronic check,65.60756321839081,565.35,0.0
9191-MYQKX,Female,0,Yes,No,7,Yes,Fiber optic,No,No,No,Month-to-month,Bank transfer (automatic),65.60756321839081,496.9,1.0
9919-YLNNG,Female,0,No,No,42,Yes,Fiber optic,No,Yes,Yes,Month-to-month,Bank transfer (automatic),65.60756321839081,4327.5,0.0
0318-ZOPWS,Female,0,Yes,No,49,Yes,No,No internet service,No internet service,No internet service,Two year,Bank transfer (automatic),65.60756321839081,973.35,0.0
4445-ZJNMU,Male,0,No,No,9,Yes,Fiber optic,No,No,Yes,Month-to-month,Credit card (automatic),65.60756321839081,918.75,0.0
4808-YNLEU,Female,0,Yes,No,35,Yes,DSL,Yes,No,Yes,One year,Bank transfer (automatic),65.60756321839081,2215.45,0.0
1862-QRWPE,Female,0,Yes,Yes,48,Yes,No,No internet service,No internet service,No internet service,Two year,Bank transfer (automatic),65.60756321839081,1057.0,0.0
2796-NNUFI,Female,0,Yes,Yes,46,Yes,No,No internet service,No internet service,No internet service,Two year,Mailed check,65.60756321839081,927.1,0.0
3016-KSVCP,Male,0,Yes,No,29,No,DSL,No,No,Yes,Month-to-month,Mailed check,65.60756321839081,1009.25,0.0
4767-HZZHQ,Male,0,Yes,Yes,30,Yes,Fiber optic,No,No,No,Month-to-month,Bank transfer (automatic),65.60756321839081,2570.2,0.0
2424-WVHPL,Male,1,No,No,1,Yes,Fiber optic,No,Yes,No,Month-to-month,Electronic check,65.60756321839081,74.7,0.0
7233-PAHHL,Male,0,Yes,Yes,66,Yes,DSL,Yes,Yes,Yes,Two year,Mailed check,65.60756321839081,5714.25,0.0
6067-NGCEU,Female,0,No,No,65,Yes,Fiber optic,Yes,No,Yes,Month-to-month,Credit card (automatic),65.60756321839081,7107.0,0.0
9848-JQJTX,Male,0,No,No,72,Yes,Fiber optic,No,No,Yes,Two year,Bank transfer (automatic),65.60756321839081,7459.05,0.0
8637-XJIVR,Female,0,No,No,12,Yes,Fiber optic,Yes,No,No,Month-to-month,Electronic check,65.60756321839081,927.35,1.0
9803-FTJCG,Male,0,Yes,Yes,71,Yes,DSL,Yes,Yes,No,One year,Credit card (automatic),65.60756321839081,4748.7,0.0
0278-YXOOG,Male,0,No,No,5,Yes,No,No internet service,No internet service,No internet service,Month-to-month,Mailed check,65.60756321839081,113.85,1.0
3212-KXOCR,Male,0,No,No,52,Yes,No,No internet service,No internet service,No internet service,Two year,Bank transfer (automatic),65.60756321839081,1107.2,0.0
4598-XLKNJ,Female,1,Yes,No,25,Yes,Fiber optic,No,No,Yes,Month-to-month,Electronic check,65.60756321839081,2514.5,1.0
6380-ARCEH,Male,0,No,No,1,Yes,No,No internet service,No internet service,No internet service,Month-to-month,Mailed check,65.60756321839081,20.2,0.0
3679-XASPY,Female,0,Yes,Yes,1,Yes,No,No internet service,No internet service,No internet service,Month-to-month,Electronic check,65.60756321839081,19.45,0.0
7123-WQUHX,Male,0,No,No,38,Yes,Fiber optic,No,Yes,Yes,One year,Bank transfer (automatic),65.60756321839081,3605.6,0.0
5386-THSLQ,Female,1,Yes,No,66,No,DSL,No,No,Yes,One year,Bank transfer (automatic),65.60756321839081,3027.25,0.0
3192-NQECA,Male,0,Yes,No,68,Yes,Fiber optic,No,Yes,Yes,Two year,Bank transfer (automatic),65.60756321839081,7611.85,1.0
6180-YBIQI,Male,0,No,No,5,No,DSL,No,No,No,Month-to-month,Mailed check,65.60756321839081,100.2,0.0
6728-DKUCO,Female,0,Yes,Yes,72,Yes,Fiber optic,Yes,No,Yes,One year,Electronic check,65.60756321839081,7303.05,0.0
9750-BOOHV,Female,0,No,No,32,No,DSL,Yes,No,No,One year,Mailed check,65.60756321839081,927.65,0.0
8597-CWYHH,Male,0,No,No,43,Yes,Fiber optic,No,No,Yes,One year,Mailed check,65.60756321839081,3921.3,0.0
2848-YXSMW,Male,0,Yes,Yes,72,Yes,No,No internet service,No internet service,No internet service,Two year,Credit card (automatic),65.60756321839081,1363.25,0.0
0486-HECZI,Male,0,Yes,No,55,Yes,Fiber optic,Yes,No,Yes,Month-to-month,Electronic check,65.60756321839081,5238.9,1.0
4549-ZDQYY,Female,0,No,No,52,Yes,DSL,Yes,Yes,No,One year,Credit card (automatic),65.60756321839081,3042.25,0.0
5712-AHQNN,Female,0,No,No,43,Yes,Fiber optic,No,No,Yes,Month-to-month,Electronic check,65.60756321839081,3954.1,0.0
4846-WHAFZ,Female,1,Yes,No,37,Yes,Fiber optic,No,No,No,Month-to-month,Electronic check,65.60756321839081,2868.15,1.0
5256-SKJGO,Female,0,Yes,Yes,64,No,DSL,No,Yes,Yes,Two year,Electronic check,65.60756321839081,3423.5,0.0
3071-VBYPO,Male,0,Yes,Yes,3,Yes,Fiber optic,Yes,No,Yes,Month-to-month,Electronic check,65.60756321839081,248.4,0.0
9560-BBZXK,Female,0,No,No,36,No,DSL,Yes,No,No,Two year,Bank transfer (automatic),65.60756321839081,1126.35,0.0
5299-RULOA,Female,0,Yes,Yes,10,Yes,Fiber optic,Yes,No,Yes,Month-to-month,Electronic check,65.60756321839081,1064.65,1.0
8402-OOOHJ,Female,0,No,No,41,Yes,No,No internet service,No internet service,No internet service,Two year,Mailed check,65.60756321839081,835.15,0.0
9445-ZUEQE,Male,0,Yes,Yes,27,Yes,Fiber optic,No,Yes,No,Month-to-month,Credit card (automatic),65.60756321839081,2151.6,0.0
1091-SOZGA,Female,0,Yes,Yes,56,Yes,Fiber optic,No,No,Yes,One year,Credit card (automatic),65.60756321839081,5515.45,0.0
2928-HLDBA,Female,0,No,No,6,Yes,No,No internet service,No internet service,No internet service,Month-to-month,Mailed check,65.60756321839081,112.75,0.0
0404-SWRVG,Male,0,No,No,3,Yes,Fiber optic,No,No,No,Month-to-month,Electronic check,65.60756321839081,229.55,1.0
6497-TILVL,Female,0,Yes,Yes,7,Yes,DSL,Yes,No,No,Month-to-month,Mailed check,65.60756321839081,350.35,0.0
7219-TLZHO,Female,0,Yes,Yes,4,Yes,No,No internet service,No internet service,No internet service,Month-to-month,Mailed check,65.60756321839081,62.9,0.0
4622-YNKIJ,Male,0,No,No,33,Yes,Fiber optic,Yes,Yes,Yes,Two year,Electronic check,65.60756321839081,3027.65,0.0
4412-YLTKF,Female,1,No,No,27,Yes,Fiber optic,No,No,No,Month-to-month,Electronic check,65.60756321839081,2135.5,1.0
6734-PSBAW,Male,0,Yes,No,72,Yes,No,No internet service,No internet service,No internet service,Two year,Bank transfer (automatic),65.60756321839081,1723.95,0.0
3930-ZGWVE,Male,0,No,No,1,Yes,No,No internet service,No internet service,No internet service,Month-to-month,Mailed check,65.60756321839081,19.75,0.0
2639-UGMAZ,Male,1,No,No,71,No,DSL,Yes,No,Yes,One year,Electronic check,65.60756321839081,3985.35,0.0
2876-GZYZC,Female,0,No,No,13,Yes,Fiber optic,No,No,No,Month-to-month,Electronic check,65.60756321839081,1215.65,0.0
6207-WIOLX,Female,0,Yes,Yes,25,No,DSL,Yes,No,Yes,Month-to-month,Credit card (automatic),65.60756321839081,1502.65,1.0
8587-XYZSF,Male,0,No,No,67,Yes,DSL,No,Yes,No,Two year,Bank transfer (automatic),65.60756321839081,3260.1,0.0
3091-FYHKI,Male,0,No,No,1,No,DSL,No,No,No,Month-to-month,Electronic check,65.60756321839081,35.45,1.0
2372-HWUHI,Male,0,No,No,2,Yes,DSL,No,No,No,Month-to-month,Electronic check,65.60756321839081,81.25,1.0
7799-LGRDP,Female,0,No,No,43,Yes,No,No internet service,No internet service,No internet service,Two year,Credit card (automatic),65.60756321839081,1188.2,0.0
7850-VWJUU,Female,0,No,No,23,Yes,Fiber optic,Yes,No,No,Month-to-month,Bank transfer (automatic),65.60756321839081,1778.5,0.0
3774-VBNXY,Female,0,Yes,Yes,64,Yes,No,No internet service,No internet service,No internet service,Two year,Mailed check,65.60756321839081,1277.75,0.0
6217-KDYWC,Male,0,No,Yes,57,Yes,No,No internet service,No internet service,No internet service,Two year,Mailed check,65.60756321839081,1170.55,0.0
0390-DCFDQ,Female,1,Yes,No,1,Yes,Fiber optic,No,No,No,Month-to-month,Mailed check,65.60756321839081,70.45,1.0
3146-MSEGF,Female,1,Yes,Yes,72,Yes,DSL,Yes,Yes,Yes,Two year,Credit card (automatic),65.60756321839081,6425.65,0.0
4080-OGPJL,Female,0,No,No,8,Yes,DSL,Yes,Yes,No,Month-to-month,Electronic check,65.60756321839081,563.65,1.0
1095-WGNGG,Female,0,Yes,No,61,Yes,Fiber optic,No,No,Yes,Two year,Bank transfer (automatic),65.60756321839081,5971.25,0.0
2636-SJDOU,Male,0,No,No,64,Yes,Fiber optic,Yes,No,No,One year,Credit card (automatic),65.60756321839081,5289.05,0.0
1131-QQZEB,Male,1,Yes,No,71,Yes,No,No internet service,No internet service,No internet service,Two year,Bank transfer (automatic),65.60756321839081,1756.2,0.0
5716-EZXZN,Female,0,Yes,Yes,65,Yes,Fiber optic,Yes,Yes,Yes,Two year,Credit card (automatic),65.60756321839081,6416.7,0.0
6837-BJYDQ,Male,0,No,No,3,Yes,No,No internet service,No internet service,No internet service,One year,Mailed check,65.60756321839081,61.35,0.0
2135-RXIHG,Male,0,No,No,1,Yes,DSL,No,No,No,Month-to-month,Electronic check,65.60756321839081,45.65,1.0
6440-DKQGE,Male,0,No,Yes,30,Yes,DSL,No,No,Yes,One year,Credit card (automatic),65.60756321839081,1929.95,0.0
3466-BYAVD,Male,0,Yes,Yes,15,Yes,DSL,No,Yes,No,Month-to-month,Mailed check,65.60756321839081,1071.4,0.0
3780-YVMFA,Female,0,Yes,Yes,8,Yes,DSL,No,Yes,Yes,Month-to-month,Electronic check,65.60756321839081,564.35,0.0
3874-EQOEP,Male,0,No,No,7,Yes,Fiber optic,No,No,Yes,Month-to-month,Mailed check,65.60756321839081,655.5,1.0
1679-JRFBR,Female,0,Yes,Yes,70,Yes,Fiber optic,Yes,No,Yes,One year,Credit card (automatic),65.60756321839081,7930.55,0.0
9073-ZZIAY,Male,0,Yes,Yes,62,Yes,DSL,Yes,Yes,Yes,Two year,Electronic check,65.60756321839081,5215.25,0.0
3077-RSNTJ,Female,0,Yes,Yes,6,Yes,No,No internet service,No internet service,No internet service,Month-to-month,Mailed check,65.60756321839081,113.5,0.0
6551-GNYDG,Female,0,Yes,Yes,14,Yes,Fiber optic,No,No,No,Month-to-month,Bank transfer (automatic),65.60756321839081,1152.8,0.0
9167-APMXZ,Female,0,No,No,22,Yes,Fiber optic,No,No,Yes,Month-to-month,Bank transfer (automatic),65.60756321839081,1821.95,0.0
2749-CTKAJ,Male,0,Yes,Yes,22,Yes,No,No internet service,No internet service,No internet service,One year,Mailed check,65.60756321839081,419.9,0.0
6371-NZYEG,Male,0,Yes,Yes,16,Yes,DSL,Yes,No,Yes,Two year,Mailed check,65.60756321839081,1024.0,0.0
7554-NEWDD,Male,0,No,No,10,Yes,No,No internet service,No internet service,No internet service,Two year,Bank transfer (automatic),65.60756321839081,251.6,0.0
8992-VONJD,Female,0,No,Yes,13,Yes,DSL,Yes,No,No,Month-to-month,Electronic check,65.60756321839081,764.55,0.0
0867-MKZVY,Female,0,Yes,No,20,Yes,Fiber optic,Yes,No,No,Month-to-month,Electronic check,65.60756321839081,1592.35,1.0
4482-EWFMI,Female,0,No,No,2,Yes,Fiber optic,No,No,No,Month-to-month,Electronic check,65.60756321839081,135.2,0.0
4648-YPBTM,Male,0,No,No,53,Yes,DSL,No,Yes,No,Two year,Bank transfer (automatic),65.60756321839081,3958.25,0.0
2907-ILJBN,Female,0,Yes,Yes,11,Yes,No,No internet service,No internet service,No internet service,One year,Mailed check,65.60756321839081,233.9,0.0
6345-FZOQH,Male,0,Yes,No,69,Yes,No,No internet service,No internet service,No internet service,Two year,Mailed check,65.60756321839081,1363.45,0.0
3376-BMGFE,Female,0,No,No,4,Yes,Fiber optic,No,No,No,Month-to-month,Bank transfer (automatic),65.60756321839081,273.0,1.0
5997-OPVFA,Male,0,Yes,No,72,Yes,DSL,Yes,Yes,Yes,Two year,Bank transfer (automatic),65.60756321839081,6254.45,0.0
3445-HXXGF,Male,1,Yes,No,58,Yes,DSL,No,No,No,Month-to-month,Electronic check,65.60756321839081,2651.2,1.0
1159-WFSGR,Female,0,Yes,Yes,16,Yes,No,No internet service,No internet service,No internet service,Month-to-month,Electronic check,65.60756321839081,321.4,0.0
7654-YWJUF,Male,0,Yes,No,43,Yes,Fiber optic,Yes,Yes,No,One year,Bank transfer (automatic),65.60756321839081,3539.25,0.0
1875-QIVME,Female,0,Yes,No,2,Yes,Fiber optic,No,Yes,Yes,Month-to-month,Electronic check,65.60756321839081,242.8,1.0
6727-IOTLZ,Male,0,Yes,No,14,Yes,DSL,No,Yes,Yes,Two year,Mailed check,65.60756321839081,1181.75,0.0
0691-JVSYA,Female,0,Yes,No,53,Yes,Fiber optic,No,No,Yes,One year,Bank transfer (automatic),65.60756321839081,5000.2,1.0
5918-VUKWP,Female,0,No,No,32,Yes,No,No internet service,No internet service,No internet service,One year,Bank transfer (automatic),65.60756321839081,654.55,0.0
1744-JHKYS,Female,0,Yes,No,34,Yes,No,No internet service,No internet service,No internet service,Month-to-month,Electronic check,65.60756321839081,780.2,0.0
2656-FMOKZ,Female,1,No,No,15,Yes,Fiber optic,No,No,No,Month-to-month,Mailed check,65.60756321839081,1145.7,1.0
2070-FNEXE,Female,1,No,No,7,Yes,Fiber optic,Yes,No,No,Month-to-month,Bank transfer (automatic),65.60756321839081,503.6,1.0
5947-SGKCL,Female,0,Yes,Yes,15,Yes,Fiber optic,No,No,Yes,Month-to-month,Bank transfer (automatic),65.60756321839081,1559.25,0.0
3712-PKXZA,Male,0,Yes,No,61,Yes,No,No internet service,No internet service,No internet service,One year,Credit card (automatic),65.60756321839081,1252.0,0.0
6317-YPKDH,Female,0,No,No,1,Yes,DSL,No,No,No,Month-to-month,Bank transfer (automatic),65.60756321839081,29.95,1.0
6582-OIVSP,Female,0,No,No,1,Yes,DSL,No,No,No,Month-to-month,Mailed check,65.60756321839081,45.3,0.0
9367-WXLCH,Male,0,No,No,8,Yes,Fiber optic,No,No,No,Month-to-month,Bank transfer (automatic),65.60756321839081,662.65,1.0
5524-KHNJP,Male,0,Yes,Yes,33,Yes,DSL,Yes,No,Yes,One year,Credit card (automatic),65.60756321839081,2453.3,0.0
1918-ZBFQJ,Female,0,No,No,13,Yes,Fiber optic,No,No,No,Month-to-month,Electronic check,65.60756321839081,1111.65,1.0
1024-GUALD,Female,0,Yes,No,1,Yes,DSL,No,No,No,Month-to-month,Electronic check,65.60756321839081,24.8,1.0
4827-USJHP,Male,0,No,No,20,Yes,DSL,No,No,No,Month-to-month,Mailed check,65.60756321839081,1023.85,0.0
8167-GJLRN,Male,0,No,No,3,Yes,DSL,No,Yes,No,Month-to-month,Electronic check,65.60756321839081,82.15,0.0
0956-SYCWG,Female,0,No,No,13,Yes,No,No internet service,No internet service,No internet service,One year,Electronic check,65.60756321839081,244.8,0.0
8017-UVSZU,Female,0,Yes,No,40,Yes,DSL,No,No,No,Month-to-month,Credit card (automatic),65.60756321839081,2379.1,0.0
7100-FQPRV,Male,0,Yes,Yes,43,Yes,DSL,Yes,Yes,No,One year,Credit card (automatic),65.60756321839081,3173.35,0.0
2472-OVKUP,Male,0,Yes,No,6,Yes,Fiber optic,No,No,No,Month-to-month,Electronic check,65.60756321839081,531.0,1.0
2984-RGEYA,Female,0,Yes,Yes,69,Yes,No,No internet service,No internet service,No internet service,Two year,Bank transfer (automatic),65.60756321839081,1375.4,0.0
9680-NIAUV,Female,0,Yes,Yes,72,Yes,Fiber optic,Yes,No,Yes,Two year,Credit card (automatic),65.60756321839081,8129.3,0.0
2146-EGVDT,Male,0,Yes,Yes,59,Yes,No,No internet service,No internet service,No internet service,Two year,Credit card (automatic),65.60756321839081,1192.7,0.0
2604-IJPDU,Female,0,Yes,No,20,Yes,Fiber optic,Yes,Yes,Yes,Month-to-month,Electronic check,65.60756321839081,1901.65,0.0
9178-JHUVJ,Male,0,Yes,Yes,24,Yes,No,No internet service,No internet service,No internet service,Two year,Bank transfer (automatic),65.60756321839081,587.4,0.0
6168-YBYNP,Male,0,No,No,59,Yes,Fiber optic,No,Yes,Yes,Month-to-month,Electronic check,65.60756321839081,6519.75,0.0
7255-SSFBC,Male,0,Yes,Yes,72,Yes,Fiber optic,No,Yes,Yes,Two year,Bank transfer (automatic),65.60756321839081,8041.65,0.0
3645-DEYGF,Male,0,No,Yes,1,Yes,No,No internet service,No internet service,No internet service,Month-to-month,Mailed check,65.60756321839081,20.75,0.0
9323-HGFWY,Female,0,Yes,No,27,Yes,Fiber optic,Yes,Yes,Yes,One year,Credit card (automatic),65.60756321839081,2681.15,0.0
8544-GOQSH,Female,0,No,No,14,Yes,Fiber optic,No,Yes,No,Month-to-month,Credit card (automatic),65.60756321839081,1112.3,0.0
3363-DTIVD,Male,0,Yes,Yes,71,Yes,Fiber optic,Yes,No,Yes,Two year,Electronic check,65.60756321839081,7405.5,0.0
7018-WBJNK,Male,0,No,Yes,13,Yes,Fiber optic,No,No,Yes,Month-to-month,Credit card (automatic),65.60756321839081,1033.95,0.0
9142-KZXOP,Male,0,No,No,44,No,Fiber optic,No,No,No,Month-to-month,Credit card (automatic),65.60756321839081,2958.95,0.0
7674-YTAFD,Female,0,No,No,33,Yes,Fiber optic,No,Yes,No,One year,Bank transfer (automatic),65.60756321839081,2684.85,0.0
6348-SNFUS,Male,0,Yes,Yes,72,Yes,DSL,Yes,Yes,No,Two year,Credit card (automatic),65.60756321839081,4179.2,0.0
1285-OKIPP,Male,0,No,No,1,Yes,Fiber optic,No,No,No,Month-to-month,Electronic check,65.60756321839081,79.9,1.0
7825-ECJRF,Female,0,No,No,19,Yes,Fiber optic,Yes,Yes,Yes,Month-to-month,Electronic check,65.60756321839081,1934.45,1.0
1347-KTTTA,Male,0,Yes,No,64,Yes,Fiber optic,No,Yes,Yes,One year,Credit card (automatic),65.60756321839081,6654.1,0.0
7841-TZDMQ,Male,0,No,No,2,Yes,DSL,No,No,No,Month-to-month,Credit card (automatic),65.60756321839081,84.5,1.0
4195-NZGTA,Female,0,No,No,1,Yes,DSL,No,No,No,Month-to-month,Electronic check,65.60756321839081,25.25,0.0
7157-SMCFK,Male,0,No,Yes,61,Yes,No,No internet service,No internet service,No internet service,Two year,Mailed check,65.60756321839081,1124.2,0.0
4709-LKHYG,Female,0,Yes,Yes,29,Yes,No,No internet service,No internet service,No internet service,One year,Electronic check,65.60756321839081,540.05,0.0
2504-DSHIH,Male,1,Yes,No,23,Yes,Fiber optic,No,No,No,Month-to-month,Electronic check,65.60756321839081,1975.85,0.0
0699-NDKJM,Female,0,Yes,No,57,Yes,DSL,Yes,No,Yes,Month-to-month,Bank transfer (automatic),65.60756321839081,3437.45,0.0
9286-BHDQG,Male,0,Yes,Yes,72,Yes,DSL,Yes,Yes,No,Two year,Credit card (automatic),65.60756321839081,3139.8,0.0
0230-WEQUW,Male,0,Yes,No,66,Yes,DSL,Yes,Yes,Yes,Two year,Bank transfer (automatic),65.60756321839081,3789.2,0.0
2040-LDIWQ,Male,0,Yes,Yes,65,Yes,DSL,No,Yes,Yes,Two year,Bank transfer (automatic),65.60756321839081,5324.5,0.0
6496-JDSSB,Female,0,No,No,8,Yes,Fiber optic,No,No,Yes,Month-to-month,Bank transfer (automatic),65.60756321839081,624.6,0.0
9408-SSNVZ,Female,0,No,No,4,Yes,Fiber optic,No,No,No,Month-to-month,Electronic check,65.60756321839081,268.35,1.0
4443-EMBNA,Female,0,Yes,No,71,Yes,No,No internet service,No internet service,No internet service,Two year,Bank transfer (automatic),65.60756321839081,1836.9,0.0
6469-MRVET,Male,0,Yes,Yes,1,Yes,No,No internet service,No internet service,No internet service,One year,Electronic check,65.60756321839081,20.2,0.0
0742-MOABM,Male,0,Yes,No,4,Yes,DSL,No,Yes,No,Month-to-month,Mailed check,65.60756321839081,179.35,1.0
5961-VUSRV,Female,0,No,No,12,Yes,No,No internet service,No internet service,No internet service,One year,Bank transfer (automatic),65.60756321839081,219.35,0.0
6778-JFCMK,Male,0,No,No,24,Yes,DSL,Yes,No,Yes,One year,Mailed check,65.60756321839081,1288.75,0.0
6341-JVQGF,Female,0,Yes,Yes,31,Yes,DSL,Yes,Yes,Yes,One year,Mailed check,65.60756321839081,2545.75,0.0
2232-DMLXU,Female,0,Yes,No,1,Yes,DSL,No,No,Yes,Month-to-month,Mailed check,65.60756321839081,55.2,1.0
4811-JBUVU,Male,0,No,No,30,Yes,Fiber optic,No,Yes,No,Month-to-month,Credit card (automatic),65.60756321839081,2723.15,0.0
0945-TSONX,Female,0,Yes,Yes,47,Yes,DSL,Yes,Yes,Yes,Two year,Credit card (automatic),65.60756321839081,4107.25,0.0
2651-ZCBXV,Male,0,No,No,54,Yes,Fiber optic,Yes,Yes,Yes,Two year,Credit card (automatic),65.60756321839081,5760.65,0.0
3316-UWXUY,Male,0,No,No,50,Yes,Fiber optic,Yes,Yes,No,Month-to-month,Credit card (automatic),65.60756321839081,4747.5,0.0
8937-RDTHP,Male,0,No,No,1,Yes,Fiber optic,Yes,No,No,Month-to-month,Mailed check,65.60756321839081,84.6,1.0
7083-MIOPC,Female,0,No,No,72,Yes,No,No internet service,No internet service,No internet service,Two year,Credit card (automatic),65.60756321839081,1566.9,0.0
1984-GPTEH,Female,0,No,No,29,Yes,No,No internet service,No internet service,No internet service,Month-to-month,Electronic check,65.60756321839081,702.0,0.0
1251-KRREG,Male,0,No,No,2,Yes,DSL,No,No,No,Month-to-month,Mailed check,65.60756321839081,114.1,1.0
0621-JFHOL,Female,0,No,No,10,Yes,DSL,No,Yes,No,Two year,Mailed check,65.60756321839081,299.05,0.0
9903-LYSAB,Male,0,Yes,No,18,Yes,Fiber optic,No,No,No,Month-to-month,Electronic check,65.60756321839081,1305.95,0.0
0094-OIFMO,Female,1,No,No,11,Yes,Fiber optic,No,No,Yes,Month-to-month,Electronic check,65.60756321839081,1120.3,1.0
9227-UAQFT,Male,0,No,No,16,Yes,No,No internet service,No internet service,No internet service,Two year,Mailed check,65.60756321839081,284.35,0.0
7301-ABVAD,Female,0,No,No,72,Yes,DSL,No,Yes,Yes,Two year,Bank transfer (automatic),65.60756321839081,6350.5,0.0
6614-FHDBO,Male,0,No,No,72,Yes,Fiber optic,No,Yes,Yes,Two year,Bank transfer (automatic),65.60756321839081,7878.3,0.0
7576-ASEJU,Female,0,Yes,Yes,41,Yes,DSL,Yes,Yes,Yes,One year,Credit card (automatic),65.60756321839081,3187.65,0.0
9058-HRZSV,Female,1,Yes,No,65,Yes,Fiber optic,Yes,No,No,Month-to-month,Electronic check,65.60756321839081,6126.15,0.0
4522-AKYLR,Female,1,No,No,13,No,DSL,No,No,No,Month-to-month,Electronic check,65.60756321839081,731.3,0.0
0221-WMXNQ,Male,1,No,No,4,Yes,Fiber optic,Yes,No,No,Month-to-month,Electronic check,65.60756321839081,273.4,0.0
0303-UNCIP,Male,0,No,No,41,Yes,DSL,No,No,No,One year,Mailed check,65.60756321839081,2531.8,0.0
9947-OTFQU,Male,1,No,No,15,Yes,Fiber optic,No,No,No,Month-to-month,Electronic check,65.60756321839081,1074.3,1.0
0322-YINQP,Male,0,No,No,1,Yes,DSL,Yes,No,No,Month-to-month,Mailed check,65.60756321839081,48.55,1.0
0959-WHOKV,Male,0,No,No,42,No,Fiber optic,Yes,No,No,One year,Electronic check,65.60756321839081,4298.45,0.0
4075-JFPGR,Female,0,Yes,No,51,Yes,Fiber optic,Yes,No,Yes,One year,Electronic check,65.60756321839081,4619.55,0.0
4629-NRXKX,Female,0,Yes,Yes,2,No,Fiber optic,No,No,No,Month-to-month,Electronic check,65.60756321839081,147.15,1.0
9514-JDSKI,Male,1,Yes,No,1,Yes,DSL,No,No,Yes,Month-to-month,Electronic check,65.60756321839081,40.2,1.0
3282-ZISZV,Male,0,No,Yes,32,Yes,DSL,No,Yes,Yes,One year,Credit card (automatic),65.60756321839081,2633.3,0.0
3675-YDUPJ,Male,0,No,No,10,Yes,No,No internet service,No internet service,No internet service,Month-to-month,Mailed check,65.60756321839081,193.05,0.0
4111-BNXIF,Female,0,Yes,Yes,67,Yes,DSL,No,Yes,Yes,Two year,Electronic check,65.60756321839081,4103.9,0.0
7017-VFHAY,Female,0,Yes,Yes,61,Yes,Fiber optic,Yes,Yes,Yes,Two year,Credit card (automatic),65.60756321839081,7008.15,0.0
6655-LHBYW,Male,0,No,No,50,Yes,Fiber optic,Yes,Yes,Yes,One year,Credit card (automatic),65.60756321839081,5791.1,0.0
4959-JOSRX,Female,0,Yes,No,2,Yes,DSL,No,No,No,Month-to-month,Credit card (automatic),65.60756321839081,80.55,1.0
5046-NUHWD,Female,1,Yes,No,29,Yes,DSL,Yes,No,No,Month-to-month,Electronic check,65.60756321839081,1228.65,0.0
7273-TEFQD,Male,1,No,No,3,Yes,DSL,No,No,No,Month-to-month,Electronic check,65.60756321839081,132.2,1.0
3606-TWKGI,Male,1,No,No,13,Yes,Fiber optic,No,No,Yes,Month-to-month,Electronic check,65.60756321839081,1364.3,1.0
7529-ZDFXI,Male,1,Yes,No,57,Yes,Fiber optic,No,No,No,Month-to-month,Electronic check,65.60756321839081,4925.35,0.0
7605-BDWDC,Female,0,No,No,31,Yes,DSL,Yes,Yes,No,Two year,Bank transfer (automatic),65.60756321839081,1520.1,0.0
1950-KSVVJ,Female,0,Yes,No,45,Yes,Fiber optic,Yes,Yes,Yes,One year,Mailed check,65.60756321839081,5032.25,0.0
0123-CRBRT,Female,0,Yes,Yes,61,Yes,DSL,Yes,Yes,Yes,Two year,Mailed check,65.60756321839081,5526.75,0.0
6292-TOSSS,Male,0,No,No,50,No,No,No internet service,No internet service,No internet service,Two year,Bank transfer (automatic),65.60756321839081,1195.25,0.0
3197-ARFOY,Female,1,No,No,19,No,Fiber optic,Yes,Yes,Yes,Month-to-month,Mailed check,65.60756321839081,2007.25,0.0
6323-AYBRX,Male,0,No,No,59,Yes,No,No internet service,No internet service,No internet service,Two year,Mailed check,65.60756321839081,1099.6,1.0
7014-ZZXAW,Female,0,Yes,No,71,Yes,No,No internet service,No internet service,No internet service,Two year,Credit card (automatic),65.60756321839081,1732.95,0.0
4385-GZQXV,Female,1,No,No,16,Yes,Fiber optic,No,Yes,Yes,Month-to-month,Electronic check,65.60756321839081,1511.2,1.0
7633-MVPUY,Male,0,Yes,No,57,Yes,DSL,Yes,Yes,No,Two year,Electronic check,65.60756321839081,3450.15,0.0
6366-ZGQGL,Male,0,No,No,1,Yes,DSL,No,No,No,Month-to-month,Bank transfer (automatic),65.60756321839081,24.8,1.0
4716-HHKQH,Male,1,Yes,No,20,Yes,Fiber optic,No,Yes,Yes,Month-to-month,Electronic check,65.60756321839081,2172.05,0.0
5940-AHUHD,Male,0,No,No,1,Yes,Fiber optic,No,No,No,Month-to-month,Mailed check,65.60756321839081,70.6,1.0
6432-TWQLB,Male,0,Yes,No,5,No,Fiber optic,No,Yes,No,Month-to-month,Electronic check,65.60756321839081,401.1,1.0
4484-GLZOU,Female,0,Yes,No,52,Yes,Fiber optic,No,No,Yes,Month-to-month,Electronic check,65.60756321839081,5624.85,1.0
3179-GBRWV,Male,1,Yes,No,21,Yes,DSL,Yes,No,No,Month-to-month,Bank transfer (automatic),65.60756321839081,1339.8,0.0
8645-KWHJO,Male,0,No,No,14,Yes,DSL,No,Yes,Yes,Month-to-month,Electronic check,65.60756321839081,771.95,0.0
4130-MZLCC,Female,0,No,No,5,No,DSL,No,No,No,Month-to-month,Bank transfer (automatic),65.60756321839081,244.75,0.0
0314-TKOSI,Female,0,No,No,6,Yes,DSL,Yes,No,No,Month-to-month,Mailed check,65.60756321839081,322.9,0.0
8229-MYEJZ,Female,0,No,No,10,Yes,DSL,No,No,No,Month-to-month,Electronic check,65.60756321839081,498.25,0.0
2080-SRCDE,Female,0,No,Yes,1,Yes,No,No internet service,No internet service,No internet service,Month-to-month,Mailed check,65.60756321839081,25.4,0.0
9577-WJVCQ,Female,0,No,No,68,Yes,DSL,Yes,No,No,Month-to-month,Mailed check,65.60756321839081,3687.75,0.0
9512-UIBFX,Male,0,Yes,Yes,18,Yes,Fiber optic,No,No,Yes,Month-to-month,Mailed check,65.60756321839081,1779.95,1.0
6202-DYYFX,Female,0,No,No,22,Yes,Fiber optic,No,No,No,One year,Credit card (automatic),65.60756321839081,1783.6,0.0
3808-HFKDE,Female,0,No,No,20,Yes,DSL,No,No,No,Month-to-month,Electronic check,65.60756321839081,927.15,0.0
5583-SXDAG,Male,0,Yes,No,1,Yes,Fiber optic,No,No,No,Month-to-month,Electronic check,65.60756321839081,70.0,1.0
3488-PGMQJ,Male,1,No,No,8,Yes,Fiber optic,No,No,No,Month-to-month,Electronic check,65.60756321839081,606.55,1.0
3580-REOAC,Male,0,No,No,10,Yes,DSL,No,No,No,Month-to-month,Credit card (automatic),65.60756321839081,435.4,1.0
7534-BFESC,Male,1,No,No,24,Yes,Fiber optic,No,No,No,Month-to-month,Electronic check,65.60756321839081,1712.7,1.0
3727-OWVYD,Male,0,No,No,35,Yes,DSL,Yes,No,No,One year,Mailed check,65.60756321839081,2021.2,0.0
2294-SALNE,Male,0,Yes,Yes,23,Yes,Fiber optic,No,Yes,No,One year,Mailed check,65.60756321839081,1940.8,0.0
4847-TAJYI,Female,1,No,No,6,Yes,Fiber optic,No,No,Yes,Month-to-month,Electronic check,65.60756321839081,567.8,0.0
1563-IWQEX,Female,0,No,No,12,Yes,No,No internet service,No internet service,No internet service,Month-to-month,Mailed check,65.60756321839081,220.35,0.0
8203-XJZRC,Male,0,No,No,1,Yes,No,No internet service,No internet service,No internet service,Month-to-month,Mailed check,65.60756321839081,20.25,0.0
6556-DBKZF,Female,0,Yes,Yes,71,Yes,Fiber optic,No,No,No,Two year,Electronic check,65.60756321839081,5436.45,0.0
6851-WEFYX,Male,1,Yes,No,35,Yes,Fiber optic,No,No,Yes,Month-to-month,Electronic check,65.60756321839081,3437.5,0.0
2985-JUUBZ,Male,0,Yes,Yes,40,Yes,DSL,No,No,Yes,Month-to-month,Electronic check,65.60756321839081,3015.75,0.0
6390-DSAZX,Female,0,No,Yes,1,Yes,Fiber optic,Yes,No,No,Month-to-month,Mailed check,65.60756321839081,73.6,1.0
0895-LMRSF,Male,0,No,No,23,Yes,DSL,No,No,Yes,One year,Bank transfer (automatic),64.9,1509.8,0.0
8098-LLAZX,Female,1,No,No,4,Yes,Fiber optic,No,No,Yes,Month-to-month,Electronic check,95.45,396.1,1.0
8266-VBFQL,Male,0,No,No,4,Yes,Fiber optic,No,Yes,No,Month-to-month,Electronic check,90.4,356.65,0.0
8181-YHCMF,Female,0,Yes,Yes,68,Yes,DSL,No,Yes,Yes,Two year,Credit card (automatic),60.3,4109.0,0.0
2240-HSJQD,Male,0,No,Yes,38,Yes,Fiber optic,No,No,No,Month-to-month,Mailed check,81.85,3141.7,0.0
1248-DYXUB,Male,0,Yes,Yes,52,Yes,No,No internet service,No internet service,No internet service,Two year,Mailed check,24.8,1229.1,0.0
0265-EDXBD,Male,1,Yes,No,32,Yes,Fiber optic,No,No,No,Month-to-month,Electronic check,74.9,2303.35,1.0
4115-BNPJY,Male,0,Yes,Yes,29,Yes,DSL,No,Yes,Yes,Two year,Mailed check,75.55,2054.4,0.0
3167-SNQPL,Male,1,Yes,Yes,38,Yes,Fiber optic,No,No,Yes,Month-to-month,Electronic check,101.15,3741.85,0.0
4091-TVOCN,Male,0,No,Yes,48,Yes,DSL,Yes,No,Yes,One year,Credit card (automatic),78.75,3682.45,0.0
1098-TDVUQ,Female,0,No,No,1,Yes,No,No internet service,No internet service,No internet service,Month-to-month,Bank transfer (automatic),19.25,19.25,0.0
7277-OZCGZ,Female,0,No,No,22,Yes,Fiber optic,Yes,Yes,No,Month-to-month,Electronic check,89.05,1886.25,0.0
1557-EMYVT,Female,0,No,No,43,Yes,Fiber optic,Yes,Yes,Yes,Two year,Credit card (automatic),115.05,4895.1,0.0
2799-ARNLO,Female,1,Yes,No,5,No,Fiber optic,No,No,No,Month-to-month,Electronic check,69.35,341.6,0.0
7563-BIUPC,Male,0,No,No,5,Yes,Fiber optic,No,No,Yes,Month-to-month,Electronic check,80.6,415.55,1.0
5027-YOCXN,Male,0,Yes,Yes,51,No,Fiber optic,Yes,Yes,Yes,One year,Credit card (automatic),110.05,5686.4,0.0
3973-SKMLN,Male,0,No,No,71,Yes,No,No internet service,No internet service,No internet service,Two year,Credit card (automatic),19.9,1355.1,0.0
2321-OMBXY,Female,0,Yes,Yes,38,Yes,DSL,Yes,Yes,Yes,One year,Credit card (automatic),80.3,3058.65,1.0
2840-XANRC,Male,1,Yes,No,24,Yes,Fiber optic,No,No,Yes,Month-to-month,Electronic check,93.15,2231.05,1.0
6745-JEFZB,Male,0,Yes,No,35,No,Fiber optic,No,Yes,Yes,Month-to-month,Credit card (automatic),91.5,3236.35,0.0
5020-ZSTTY,Female,1,No,No,54,Yes,DSL,Yes,Yes,Yes,One year,Bank transfer (automatic),82.45,4350.1,1.0
9880-TDQAC,Female,0,Yes,Yes,72,Yes,DSL,No,Yes,Yes,Two year,Electronic check,60.0,4264.0,0.0
8705-WZCYL,Male,0,No,No,1,Yes,DSL,No,No,No,Month-to-month,Electronic check,44.8,44.8,0.0
7102-JJVTX,Female,0,Yes,Yes,9,Yes,DSL,Yes,No,No,One year,Mailed check,48.6,422.3,0.0
8626-PTQGE,Male,0,No,No,69,Yes,DSL,Yes,Yes,Yes,Two year,Bank transfer (automatic),60.05,4176.7,0.0
4983-CLMLV,Female,0,Yes,No,52,Yes,Fiber optic,No,Yes,Yes,Month-to-month,Credit card (automatic),102.7,5138.1,0.0
5701-YVSVF,Female,1,Yes,No,11,Yes,Fiber optic,No,Yes,Yes,Month-to-month,Electronic check,82.9,880.05,0.0
5804-LEPIM,Female,1,No,No,2,Yes,Fiber optic,No,No,No,Month-to-month,Electronic check,70.35,139.05,1.0
5697-GOMBF,Female,1,Yes,Yes,28,Yes,DSL,No,No,Yes,Month-to-month,Electronic check,35.9,973.65,0.0
2739-CACDQ,Female,1,No,No,17,Yes,Fiber optic,No,No,No,Month-to-month,Credit card (automatic),82.65,1470.05,0.0
9385-EHGDO,Female,0,Yes,Yes,35,No,No,No internet service,No internet service,No internet service,Two year,Mailed check,19.85,739.35,0.0
9498-FIMXL,Female,0,No,No,8,Yes,No,No internet service,No internet service,No internet service,One year,Mailed check,19.2,161.95,0.0
2379-GYFLQ,Male,0,No,No,46,Yes,Fiber optic,No,No,Yes,One year,Credit card (automatic),94.9,4422.95,0.0
0122-OAHPZ,Female,0,No,No,7,Yes,Fiber optic,No,No,No,Month-to-month,Electronic check,73.85,511.25,1.0
2868-SNELZ,Female,0,No,No,2,Yes,Fiber optic,No,No,No,Month-to-month,Mailed check,80.6,155.8,1.0
4322-RCYMT,Male,0,Yes,Yes,68,Yes,DSL,No,Yes,No,One year,Bank transfer (automatic),75.8,5293.95,1.0
6680-NENYN,Female,0,No,No,43,Yes,Fiber optic,No,No,Yes,Two year,Electronic check,104.6,4759.85,1.0
2088-IEBAU,Female,0,No,No,68,Yes,DSL,Yes,Yes,Yes,Two year,Electronic check,88.15,6148.45,0.0
7982-VCELR,Female,0,No,No,36,Yes,Fiber optic,No,No,Yes,Month-to-month,Credit card (automatic),94.8,3565.65,0.0
1343-EHPYB,Male,0,Yes,No,63,Yes,Fiber optic,No,No,Yes,Month-to-month,Electronic check,103.4,6603.0,1.0
6035-BXTTY,Female,1,No,No,32,Yes,DSL,No,Yes,No,Month-to-month,Bank transfer (automatic),54.65,1830.1,0.0
6885-PKOAM,Female,0,Yes,No,71,Yes,DSL,Yes,Yes,Yes,Two year,Credit card (automatic),85.75,6223.8,0.0
7520-HQWJU,Female,0,Yes,Yes,66,Yes,DSL,Yes,No,No,Month-to-month,Bank transfer (automatic),67.45,4508.65,0.0
9639-BUJXT,Male,0,No,No,63,No,No,No internet service,No internet service,No internet service,One year,Mailed check,20.5,1328.15,0.0
5924-SNGKP,Female,0,No,Yes,41,Yes,No,No internet service,No internet service,No internet service,One year,Credit card (automatic),20.25,865.0,0.0
0021-IKXGC,Female,1,No,No,1,Yes,Fiber optic,No,No,No,Month-to-month,Electronic check,72.1,72.1,0.0
2034-GDRCN,Female,0,No,No,2,Yes,Fiber optic,No,No,Yes,Month-to-month,Electronic check,90.4,168.2,1.0
8966-SNIZF,Female,0,Yes,No,70,No,No,No internet service,No internet service,No internet service,Two year,Bank transfer (automatic),19.45,1303.5,0.0
6243-OZGFH,Female,0,No,No,23,No,DSL,No,No,Yes,Month-to-month,Electronic check,44.95,996.85,0.0
4654-DLAMQ,Female,1,Yes,No,64,Yes,Fiber optic,Yes,No,No,One year,Bank transfer (automatic),97.0,6430.9,0.0
0513-RBGPE,Male,0,Yes,Yes,37,Yes,DSL,Yes,Yes,No,Two year,Credit card (automatic),62.8,2278.75,0.0
5160-UXJED,Male,0,No,Yes,17,Yes,DSL,No,No,No,One year,Mailed check,44.6,681.4,0.0
4115-NZRKS,Female,1,No,No,7,Yes,Fiber optic,No,No,Yes,Month-to-month,Electronic check,89.15,574.35,0.0
0219-YTZUE,Male,0,Yes,Yes,4,Yes,Fiber optic,No,No,No,Month-to-month,Bank transfer (automatic),84.8,371.9,1.0
0623-IIHUG,Female,1,No,No,21,Yes,DSL,Yes,No,Yes,Month-to-month,Electronic check,41.9,840.1,1.0
4572-DVCGN,Female,0,No,No,10,Yes,Fiber optic,No,No,No,Month-to-month,Bank transfer (automatic),80.25,846.0,1.0
3351-NGXYI,Female,1,No,No,16,Yes,DSL,Yes,No,No,Month-to-month,Electronic check,54.1,889.0,0.0
8984-EYLLL,Male,0,Yes,No,64,Yes,Fiber optic,No,Yes,Yes,Two year,Electronic check,105.25,6823.4,0.0
9057-MSWCO,Male,1,Yes,No,27,Yes,DSL,Yes,No,No,Month-to-month,Credit card (automatic),30.75,805.1,1.0
9833-TGFHX,Male,0,Yes,Yes,42,Yes,Fiber optic,Yes,No,Yes,One year,Electronic check,97.1,4016.75,0.0
9294-TDIPC,Male,0,No,Yes,5,Yes,No,No internet service,No internet service,No internet service,Month-to-month,Mailed check,20.2,83.75,0.0
5229-DTFYB,Female,0,No,No,41,Yes,Fiber optic,No,Yes,Yes,Two year,Bank transfer (automatic),98.8,3959.15,0.0
0104-PPXDV,Male,0,Yes,No,58,Yes,DSL,No,No,No,One year,Credit card (automatic),50.3,2878.55,0.0
5176-LMJXE,Female,0,No,No,47,Yes,No,No internet service,No internet service,No internet service,Two year,Mailed check,20.55,945.7,0.0
3583-KRKMD,Male,0,No,No,18,Yes,Fiber optic,No,Yes,No,Month-to-month,Bank transfer (automatic),75.9,1373.05,0.0
1010-DIAUQ,Male,0,No,No,5,Yes,Fiber optic,No,No,Yes,Month-to-month,Bank transfer (automatic),96.5,492.55,1.0
9069-LGEUL,Male,0,Yes,No,23,Yes,DSL,Yes,No,No,Month-to-month,Bank transfer (automatic),59.95,1406.0,0.0
7302-ZHMHP,Female,0,No,No,1,Yes,No,No internet service,No internet service,No internet service,Month-to-month,Mailed check,19.15,19.15,0.0
9571-EDEBV,Male,0,Yes,No,71,Yes,Fiber optic,No,No,Yes,One year,Credit card (automatic),98.65,6962.85,0.0
3520-FJGCV,Male,0,Yes,Yes,72,No,Fiber optic,Yes,Yes,Yes,Two year,Credit card (automatic),112.6,8126.65,0.0
6563-VRERX,Male,0,Yes,Yes,33,Yes,No,No internet service,No internet service,No internet service,One year,Mailed check,20.6,690.25,0.0
0259-GBZSH,Male,0,No,No,2,Yes,Fiber optic,No,No,Yes,Month-to-month,Electronic check,85.65,181.5,1.0
6122-EFVKN,Male,0,No,Yes,24,Yes,DSL,Yes,Yes,No,Two year,Mailed check,35.75,830.8,0.0
2805-EDJPQ,Female,0,Yes,Yes,56,Yes,Fiber optic,No,Yes,No,One year,Credit card (automatic),99.75,5608.4,0.0
6862-CQUMB,Male,0,No,No,37,Yes,Fiber optic,No,No,Yes,Month-to-month,Credit card (automatic),96.1,3646.8,0.0
7156-MXBJE,Female,0,No,No,43,Yes,DSL,No,Yes,Yes,One year,Credit card (automatic),85.1,3662.25,0.0
6158-HDPXZ,Male,0,No,No,1,Yes,DSL,No,No,No,Month-to-month,Mailed check,25.35,25.35,0.0
9601-BRXPO,Female,0,Yes,No,25,Yes,Fiber optic,No,Yes,Yes,Month-to-month,Bank transfer (automatic),104.95,2566.5,1.0
2863-IMQDR,Female,0,No,No,61,Yes,DSL,Yes,Yes,Yes,Two year,Electronic check,89.65,5308.7,0.0
5686-CMAWK,Male,0,No,No,17,Yes,Fiber optic,No,Yes,No,One year,Electronic check,86.75,1410.25,0.0
5651-CRHKQ,Female,0,Yes,No,41,Yes,Fiber optic,No,Yes,No,One year,Bank transfer (automatic),86.2,3339.05,0.0
6905-NIQIN,Male,0,No,No,1,Yes,DSL,No,No,No,Month-to-month,Mailed check,50.65,50.65,1.0
8204-YJCLA,Male,1,Yes,Yes,72,Yes,DSL,Yes,Yes,Yes,Two year,Bank transfer (automatic),64.8,4732.35,0.0
5167-ZFFMM,Male,0,No,No,1,Yes,Fiber optic,No,No,No,Month-to-month,Credit card (automatic),90.85,90.85,1.0
6583-SZVGP,Male,0,No,No,48,Yes,Fiber optic,No,No,Yes,Two year,Bank transfer (automatic),108.1,5067.45,0.0
4895-TMWIR,Male,1,Yes,No,11,Yes,No,No internet service,No internet service,No internet service,Month-to-month,Mailed check,19.95,214.75,1.0
0533-BNWKF,Female,1,Yes,No,55,Yes,Fiber optic,No,No,No,Month-to-month,Electronic check,85.45,4874.7,1.0
1708-PBBOA,Female,0,No,No,42,No,DSL,Yes,Yes,No,One year,Electronic check,54.75,2348.45,0.0
8782-LKFPK,Male,0,No,No,44,Yes,Fiber optic,No,No,No,Month-to-month,Mailed check,90.4,4063.0,0.0
5522-JBWMO,Male,0,No,Yes,1,Yes,DSL,No,No,No,Month-to-month,Electronic check,44.0,44.0,0.0
3597-MVHJT,Female,0,No,No,27,Yes,Fiber optic,No,No,Yes,Month-to-month,Bank transfer (automatic),95.6,2595.25,0.0
9774-NRNAU,Male,1,Yes,No,27,Yes,DSL,No,Yes,Yes,Month-to-month,Bank transfer (automatic),84.8,2309.55,0.0
0224-RLWWD,Female,1,No,No,2,Yes,DSL,No,No,No,Month-to-month,Electronic check,44.3,89.3,0.0
9967-ATRFS,Female,0,No,No,19,Yes,No,No internet service,No internet service,No internet service,Month-to-month,Mailed check,19.9,367.55,0.0
3951-NJCVI,Female,1,Yes,No,42,Yes,Fiber optic,No,No,Yes,Month-to-month,Electronic check,95.05,3944.5,0.0
2977-CEBSX,Female,0,No,No,66,Yes,DSL,Yes,Yes,Yes,Two year,Credit card (automatic),90.05,5965.95,0.0
0177-PXBAT,Male,1,Yes,No,33,Yes,Fiber optic,Yes,Yes,Yes,Month-to-month,Bank transfer (automatic),109.9,3694.7,0.0
6599-CEBNN,Female,0,No,No,34,Yes,Fiber optic,No,No,No,Month-to-month,Credit card (automatic),73.95,2524.45,1.0
2519-ERQOJ,Male,1,No,No,33,Yes,DSL,No,Yes,Yes,Month-to-month,Electronic check,54.6,1803.7,0.0
5876-QMYLD,Female,0,Yes,Yes,23,Yes,No,No internet service,No internet service,No internet service,One year,Mailed check,20.05,415.1,0.0
2277-AXSDC,Female,0,No,No,32,Yes,No,No internet service,No internet service,No internet service,One year,Bank transfer (automatic),19.75,624.15,0.0
9442-JTWDL,Female,0,No,No,11,Yes,No,No internet service,No internet service,No internet service,One year,Credit card (automatic),20.05,237.7,0.0
0979-PHULV,Male,0,Yes,Yes,69,Yes,Fiber optic,No,No,Yes,Month-to-month,Credit card (automatic),99.45,7007.6,1.0
3067-SVMTC,Female,0,Yes,No,68,Yes,DSL,Yes,Yes,No,One year,Bank transfer (automatic),55.9,3848.8,0.0
5495-GPSRW,Male,0,No,No,20,Yes,No,No internet service,No internet service,No internet service,Two year,Mailed check,19.7,419.4,0.0
7606-BPHHN,Male,0,No,No,72,Yes,No,No internet service,No internet service,No internet service,Two year,Credit card (automatic),19.8,1468.75,0.0
4742-DRORA,Male,0,Yes,Yes,60,Yes,Fiber optic,Yes,No,Yes,One year,Bank transfer (automatic),95.4,5812.0,0.0
0111-KLBQG,Male,1,Yes,Yes,32,Yes,Fiber optic,No,No,Yes,Month-to-month,Mailed check,93.95,2861.45,0.0
4800-VHZKI,Female,0,No,No,1,Yes,No,No internet service,No internet service,No internet service,Month-to-month,Mailed check,19.9,19.9,1.0
7989-CHGTL,Male,0,No,No,1,Yes,No,No internet service,No internet service,No internet service,Month-to-month,Mailed check,19.6,19.6,1.0
0334-GDDSO,Male,1,No,No,3,No,Fiber optic,No,No,No,Month-to-month,Electronic check,81.35,233.7,1.0
4163-NCJAK,Female,0,Yes,No,46,Yes,No,No internet service,No internet service,No internet service,One year,Bank transfer (automatic),24.45,1066.15,0.0
5233-AOZUF,Female,0,Yes,No,29,Yes,Fiber optic,No,No,No,Month-to-month,Electronic check,74.95,2149.05,0.0
5973-EJGDP,Male,0,No,No,51,Yes,Fiber optic,No,Yes,No,Month-to-month,Electronic check,87.35,4473.0,0.0
1996-DBMUS,Female,1,Yes,No,48,Yes,Fiber optic,No,No,No,Month-to-month,Bank transfer (automatic),70.65,3545.05,0.0
7916-VCCPB,Female,0,Yes,Yes,16,Yes,Fiber optic,No,No,No,Month-to-month,Bank transfer (automatic),73.25,1195.75,0.0
4686-GEFRM,Male,0,Yes,No,70,Yes,Fiber optic,No,Yes,No,Two year,Bank transfer (automatic),98.7,6858.9,0.0
5249-QYHEX,Female,0,Yes,Yes,40,Yes,No,No internet service,No internet service,No internet service,Two year,Mailed check,24.8,1024.7,0.0
0578-SKVMF,Female,0,Yes,Yes,22,Yes,Fiber optic,No,No,No,Month-to-month,Electronic check,83.3,1845.9,1.0
5564-NEMQO,Female,1,No,No,1,Yes,Fiber optic,No,No,No,Month-to-month,Bank transfer (automatic),75.3,75.3,1.0
2233-FAGXV,Female,0,Yes,Yes,5,Yes,No,No internet service,No internet service,No internet service,Month-to-month,Mailed check,24.3,132.25,0.0
5605-IYGFG,Female,0,No,No,7,No,Fiber optic,No,No,No,Month-to-month,Bank transfer (automatic),69.85,515.45,0.0
7663-ZTEGJ,Male,0,No,Yes,29,Yes,Fiber optic,No,Yes,No,One year,Credit card (automatic),100.55,2830.45,0.0
3935-TBRZZ,Male,0,Yes,Yes,44,Yes,No,No internet service,No internet service,No internet service,One year,Mailed check,25.7,1110.5,0.0
8111-BKVDS,Female,0,No,No,10,Yes,DSL,Yes,No,No,Month-to-month,Bank transfer (automatic),40.7,449.3,0.0
2055-SIFSS,Female,1,Yes,No,55,Yes,DSL,No,No,No,Month-to-month,Bank transfer (automatic),51.65,2838.55,0.0
2806-MLNTI,Male,1,Yes,No,52,Yes,Fiber optic,No,No,Yes,One year,Bank transfer (automatic),105.1,5376.4,0.0
8734-DKSTZ,Female,0,Yes,Yes,10,Yes,Fiber optic,No,No,No,Month-to-month,Electronic check,85.95,858.6,0.0
4360-PNRQB,Male,0,No,No,18,Yes,Fiber optic,No,No,No,Month-to-month,Bank transfer (automatic),75.6,1395.05,0.0
6152-ONASV,Female,0,Yes,No,68,Yes,DSL,Yes,Yes,No,One year,Bank transfer (automatic),58.25,3975.7,0.0
9063-ZGTUY,Female,0,Yes,Yes,61,Yes,No,No internet service,No internet service,No internet service,Month-to-month,Mailed check,19.4,1182.55,1.0
7781-HVGMK,Female,0,Yes,Yes,72,Yes,DSL,Yes,Yes,Yes,Two year,Credit card (automatic),65.2,4784.45,0.0
2181-UAESM,Male,0,No,No,2,Yes,DSL,Yes,No,No,Month-to-month,Electronic check,53.45,119.5,0.0
2957-LOLHO,Male,0,No,No,12,Yes,DSL,No,No,No,Month-to-month,Bank transfer (automatic),45.4,518.9,1.0
6048-NJXHX,Male,0,Yes,No,41,Yes,No,No internet service,No internet service,No internet service,Two year,Electronic check,19.75,899.45,0.0
2320-SLKMB,Female,0,No,No,26,Yes,DSL,No,Yes,Yes,Month-to-month,Credit card (automatic),44.45,1183.8,0.0
4980-URKXC,Male,0,Yes,No,36,Yes,No,No internet service,No internet service,No internet service,One year,Bank transfer (automatic),20.85,720.05,0.0
4376-KFVRS,Male,0,Yes,Yes,72,Yes,Fiber optic,Yes,Yes,Yes,Two year,Credit card (automatic),114.05,8468.2,0.0
5886-VLQVU,Male,0,Yes,No,35,Yes,Fiber optic,No,Yes,No,Month-to-month,Bank transfer (automatic),89.85,3161.2,0.0
3577-AMVUX,Male,0,No,No,1,Yes,DSL,No,Yes,No,Month-to-month,Mailed check,55.05,55.05,0.0
0771-WLCLA,Female,0,Yes,Yes,16,Yes,Fiber optic,Yes,Yes,Yes,Month-to-month,Electronic check,112.95,1882.55,0.0
5628-RKIFK,Female,1,No,No,49,Yes,Fiber optic,Yes,No,Yes,Month-to-month,Credit card (automatic),101.55,5070.4,0.0
0206-TBWLC,Female,0,Yes,No,54,Yes,Fiber optic,Yes,Yes,Yes,One year,Mailed check,114.65,6049.5,0.0
2937-FTHUR,Female,0,No,Yes,18,Yes,DSL,Yes,No,No,Month-to-month,Electronic check,64.8,1166.7,0.0
1910-FMXJM,Female,0,Yes,No,36,Yes,Fiber optic,No,No,No,Month-to-month,Electronic check,80.4,2937.65,0.0
7752-XUSCI,Female,0,No,No,60,Yes,Fiber optic,No,No,Yes,Month-to-month,Electronic check,105.9,6396.45,1.0
4110-PFEUZ,Female,0,No,No,1,Yes,Fiber optic,No,No,No,Month-to-month,Mailed check,69.55,69.55,1.0
0732-OCQOC,Female,0,Yes,Yes,52,Yes,No,No internet service,No internet service,No internet service,Two year,Bank transfer (automatic),25.05,1270.25,0.0
5168-MSWXT,Male,0,Yes,Yes,8,Yes,Fiber optic,No,No,Yes,Month-to-month,Electronic check,94.75,759.55,0.0
1090-ESELR,Male,0,Yes,Yes,72,Yes,Fiber optic,Yes,Yes,Yes,Two year,Bank transfer (automatic),105.5,7611.55,0.0
8592-PLTMQ,Female,0,No,No,64,Yes,No,No internet service,No internet service,No internet service,One year,Mailed check,24.7,1642.75,0.0
5760-WRAHC,Female,1,No,No,22,Yes,DSL,Yes,Yes,No,Month-to-month,Mailed check,69.75,1545.4,0.0
8847-GEOOQ,Male,0,Yes,No,60,Yes,DSL,No,Yes,Yes,Month-to-month,Bank transfer (automatic),60.2,3582.4,0.0
0256-LTHVJ,Female,0,Yes,Yes,28,Yes,Fiber optic,No,No,No,Month-to-month,Electronic check,81.05,2227.1,1.0
4785-FCIFB,Female,0,Yes,No,61,Yes,No,No internet service,No internet service,No internet service,Two year,Mailed check,24.4,1417.9,0.0
8313-NDOIA,Female,0,No,No,24,Yes,Fiber optic,No,No,Yes,Month-to-month,Electronic check,104.15,2494.65,0.0
5149-CUZUJ,Male,0,Yes,Yes,28,Yes,Fiber optic,No,Yes,Yes,One year,Bank transfer (automatic),92.9,2768.35,0.0
0942-KOWSM,Female,0,Yes,Yes,30,Yes,DSL,No,Yes,Yes,Two year,Bank transfer (automatic),80.8,2369.3,0.0
4237-CLSMM,Male,0,Yes,No,2,Yes,No,No internet service,No internet service,No internet service,Month-to-month,Mailed check,20.0,38.0,0.0
1452-VOQCH,Male,0,No,No,1,Yes,Fiber optic,No,No,No,Month-to-month,Electronic check,75.1,75.1,0.0
4719-UMSIY,Male,0,No,Yes,6,Yes,No,No internet service,No internet service,No internet service,Month-to-month,Mailed check,19.65,100.9,0.0
6614-VBEGU,Female,0,Yes,No,24,Yes,DSL,No,No,Yes,Month-to-month,Bank transfer (automatic),69.45,1614.05,0.0
0880-TKATG,Male,0,Yes,Yes,4,Yes,Fiber optic,No,No,Yes,Month-to-month,Electronic check,101.15,385.9,1.0
3811-VBYBZ,Male,0,No,No,7,Yes,Fiber optic,No,No,Yes,Month-to-month,Electronic check,99.8,673.25,1.0
1480-BKXGA,Male,1,Yes,No,72,Yes,Fiber optic,Yes,Yes,Yes,Two year,Bank transfer (automatic),116.05,8404.9,0.0
2996-XAUVF,Male,0,No,No,70,Yes,DSL,No,Yes,No,Two year,Mailed check,40.05,2799.75,0.0
9076-AXYIK,Male,1,Yes,No,64,Yes,Fiber optic,No,Yes,Yes,Two year,Electronic check,102.1,6538.45,0.0
5968-XQIVE,Male,0,Yes,Yes,72,Yes,Fiber optic,No,No,Yes,One year,Electronic check,89.7,6588.95,0.0
8896-RAZCR,Female,0,No,Yes,44,Yes,No,No internet service,No internet service,No internet service,Two year,Mailed check,19.9,868.1,0.0
4640-UHDOS,Female,0,Yes,Yes,13,Yes,DSL,No,No,No,Month-to-month,Electronic check,55.95,734.35,1.0
4933-IKULF,Female,1,No,No,17,Yes,No,No internet service,No internet service,No internet service,One year,Mailed check,20.65,330.6,0.0
3583-EKAPL,Male,0,No,No,1,Yes,DSL,No,No,No,Month-to-month,Electronic check,55.0,55.0,1.0
1304-BCCFO,Male,0,Yes,No,9,No,DSL,No,No,Yes,Month-to-month,Mailed check,70.05,564.4,0.0
4104-PVRPS,Male,0,Yes,No,24,Yes,DSL,Yes,Yes,No,Month-to-month,Mailed check,53.6,1315.35,0.0
9399-APLBT,Female,0,Yes,Yes,1,Yes,Fiber optic,No,No,No,Month-to-month,Electronic check,74.7,74.7,1.0
2359-KMGLI,Male,0,No,No,24,Yes,Fiber optic,No,No,No,Month-to-month,Electronic check,80.25,1861.5,1.0
3780-DDGSE,Male,1,Yes,Yes,35,Yes,DSL,No,Yes,Yes,Month-to-month,Electronic check,76.05,2747.2,0.0
4431-EDMIQ,Female,0,Yes,Yes,7,Yes,DSL,Yes,Yes,Yes,Month-to-month,Electronic check,75.7,554.05,0.0
0306-JAELE,Male,0,No,No,5,Yes,Fiber optic,No,Yes,Yes,Month-to-month,Electronic check,96.1,453.4,1.0
6227-HWPWX,Female,0,No,Yes,15,Yes,Fiber optic,No,No,No,Month-to-month,Bank transfer (automatic),69.0,994.8,1.0
0486-LGCCH,Male,0,Yes,Yes,11,No,No,No internet service,No internet service,No internet service,Two year,Mailed check,19.65,225.75,0.0
0447-BEMNG,Female,0,Yes,No,48,No,DSL,Yes,No,No,Month-to-month,Bank transfer (automatic),45.3,2145.0,1.0
4612-SSVHJ,Female,1,No,No,20,No,Fiber optic,No,No,No,Month-to-month,Electronic check,81.45,1671.6,0.0
5168-MQQCA,Female,0,Yes,No,72,Yes,Fiber optic,No,Yes,Yes,One year,Bank transfer (automatic),108.5,8003.8,0.0
5949-XIKAE,Female,0,Yes,Yes,8,Yes,Fiber optic,No,No,Yes,Month-to-month,Electronic check,83.55,680.05,1.0
7971-HLVXI,Male,0,Yes,Yes,72,Yes,Fiber optic,No,No,No,Two year,Credit card (automatic),84.5,6130.85,0.0
9094-AZPHK,Female,0,No,No,15,Yes,Fiber optic,No,No,Yes,Month-to-month,Electronic check,100.15,1415.0,0.0
3649-JPUGY,Male,0,No,No,72,Yes,DSL,No,Yes,Yes,Two year,Bank transfer (automatic),88.6,6201.95,0.0
4472-LVYGI,Female,0,Yes,Yes,0,Yes,DSL,Yes,Yes,Yes,Two year,Bank transfer (automatic),52.55,52.55,0.0
8372-JUXUI,Male,0,No,Yes,1,Yes,Fiber optic,No,No,No,Month-to-month,Electronic check,74.35,20.25,1.0
3552-CTCYF,Male,0,Yes,Yes,63,Yes,Fiber optic,No,No,Yes,Two year,Bank transfer (automatic),104.8,80.85,0.0
6778-YSNIH,Female,0,No,No,2,Yes,DSL,No,No,Yes,Month-to-month,Electronic check,59.0,25.75,0.0
0388-EOPEX,Female,0,Yes,No,2,Yes,Fiber optic,Yes,No,No,Month-to-month,Electronic check,74.4,56.05,1.0
5756-OZRIO,Male,1,Yes,No,61,Yes,DSL,No,No,No,One year,Bank transfer (automatic),64.05,3902.6,0.0
6579-JPICP,Male,0,No,No,1,Yes,No,No internet service,No internet service,No internet service,Month-to-month,Mailed check,20.4,20.4,0.0
8205-OTCHB,Male,0,No,No,22,Yes,DSL,No,No,No,One year,Bank transfer (automatic),43.75,903.6,1.0
4134-BSXLX,Male,0,Yes,No,28,Yes,DSL,Yes,Yes,No,Month-to-month,Mailed check,60.9,1785.65,0.0
0505-SPOOW,Female,0,Yes,No,70,Yes,No,No internet service,No internet service,No internet service,Two year,Bank transfer (automatic),19.8,1397.65,0.0
6235-VDHOM,Female,1,No,No,5,Yes,DSL,No,No,No,Month-to-month,Electronic check,28.45,131.05,1.0
7783-YKGDV,Female,0,No,No,12,Yes,Fiber optic,Yes,No,No,Month-to-month,Bank transfer (automatic),99.7,1238.45,1.0
4374-YMUSQ,Male,0,No,No,34,Yes,Fiber optic,Yes,Yes,Yes,One year,Credit card (automatic),116.25,3899.05,0.0
4513-CXYIX,Female,1,Yes,No,71,Yes,Fiber optic,Yes,No,No,Two year,Credit card (automatic),80.7,5676.0,0.0
3957-HHLMR,Female,0,Yes,Yes,70,No,DSL,Yes,No,No,One year,Bank transfer (automatic),65.2,4543.15,0.0
7803-XOCCZ,Female,0,Yes,Yes,52,Yes,Fiber optic,Yes,Yes,No,Month-to-month,Bank transfer (automatic),84.05,4326.8,0.0
5736-YEJAX,Male,0,No,Yes,69,Yes,DSL,Yes,Yes,Yes,Two year,Credit card (automatic),79.45,5502.55,0.0
5609-CEBID,Female,1,No,No,20,Yes,Fiber optic,No,No,No,Month-to-month,Electronic check,94.1,1782.4,1.0
8981-FJGLA,Male,0,No,Yes,11,Yes,Fiber optic,No,No,No,Month-to-month,Mailed check,78.0,851.8,0.0
7218-HKQFK,Male,0,Yes,No,2,Yes,Fiber optic,No,Yes,Yes,Month-to-month,Electronic check,94.2,167.5,1.0
4636-QRJKY,Female,0,Yes,Yes,6,Yes,Fiber optic,No,Yes,No,Month-to-month,Electronic check,80.5,502.85,1.0
1135-LMECX,Female,0,No,No,1,No,No,No internet service,No internet service,No internet service,Month-to-month,Mailed check,19.85,19.85,0.0
4332-MUOEZ,Male,1,Yes,Yes,20,Yes,Fiber optic,Yes,Yes,No,One year,Credit card (automatic),94.3,1818.3,0.0
8535-SFUTN,Male,0,No,No,61,Yes,Fiber optic,Yes,No,Yes,Month-to-month,Electronic check,106.45,6300.15,0.0
5956-VKDTT,Female,1,Yes,No,5,No,Fiber optic,No,No,No,Month-to-month,Electronic check,74.35,334.8,1.0
8677-HDZEE,Female,0,No,No,56,No,Fiber optic,No,Yes,Yes,Month-to-month,Bank transfer (automatic),105.45,5916.95,0.0
2475-MROZF,Male,0,No,No,30,Yes,Fiber optic,Yes,Yes,No,Month-to-month,Credit card (automatic),95.0,2852.4,0.0
9412-GHEEC,Male,0,No,No,40,Yes,Fiber optic,No,Yes,Yes,Month-to-month,Bank transfer (automatic),104.8,4131.95,1.0
3482-ABPKK,Female,0,No,No,28,Yes,DSL,Yes,Yes,No,One year,Mailed check,54.3,1546.3,0.0
6705-LXORM,Female,1,Yes,No,5,Yes,Fiber optic,No,No,No,Month-to-month,Electronic check,70.05,302.6,0.0
0257-ZESQC,Female,1,Yes,No,27,Yes,Fiber optic,Yes,No,No,Month-to-month,Bank transfer (automatic),75.2,1929.35,1.0
7531-GQHME,Male,0,No,No,12,Yes,No,No internet service,No internet service,No internet service,Month-to-month,Credit card (automatic),20.05,265.45,0.0
5174-ITUMV,Male,0,Yes,Yes,67,Yes,Fiber optic,No,No,Yes,One year,Electronic check,105.4,6989.45,0.0
4109-CYRBD,Male,1,Yes,No,29,Yes,DSL,No,No,No,Month-to-month,Electronic check,51.6,1442.0,0.0
0913-XWSCN,Male,0,Yes,Yes,55,Yes,Fiber optic,No,No,No,Month-to-month,Bank transfer (automatic),85.5,4713.4,0.0
6825-UYPFK,Female,0,No,No,23,Yes,Fiber optic,No,No,No,Month-to-month,Bank transfer (automatic),75.6,1758.6,1.0
8397-MVTAZ,Male,0,Yes,No,34,Yes,Fiber optic,No,No,Yes,Month-to-month,Electronic check,100.05,3480.0,1.0
0750-EBAIU,Male,0,No,No,52,Yes,Fiber optic,Yes,No,Yes,One year,Electronic check,91.25,4738.3,0.0
8606-CIQUL,Male,1,Yes,Yes,72,Yes,Fiber optic,Yes,Yes,Yes,Two year,Credit card (automatic),115.75,8399.15,0.0
3571-DPYUH,Male,0,Yes,Yes,58,Yes,Fiber optic,No,Yes,Yes,One year,Credit card (automatic),94.7,5430.35,0.0
7601-GNDYK,Male,0,Yes,Yes,35,Yes,No,No internet service,No internet service,No internet service,Two year,Mailed check,19.6,686.95,0.0
0356-OBMAC,Female,1,No,No,56,Yes,Fiber optic,No,Yes,Yes,Two year,Bank transfer (automatic),99.9,5706.3,0.0
8067-NIOYM,Female,0,Yes,Yes,24,Yes,No,No internet service,No internet service,No internet service,Two year,Credit card (automatic),21.1,490.65,0.0
1403-GYAFU,Male,0,Yes,Yes,70,Yes,No,No internet service,No internet service,No internet service,Two year,Credit card (automatic),20.05,1360.25,0.0
4234-XTNEA,Male,0,No,No,2,Yes,Fiber optic,No,No,Yes,Month-to-month,Electronic check,79.95,174.45,0.0
1297-VQDRP,Male,1,Yes,Yes,68,Yes,Fiber optic,No,Yes,Yes,One year,Credit card (automatic),107.15,7379.8,0.0
9282-IZGQK,Female,0,No,No,1,Yes,Fiber optic,No,No,No,Month-to-month,Electronic check,85.0,85.0,1.0
5348-CAGXB,Male,0,No,No,12,Yes,Fiber optic,No,No,Yes,Month-to-month,Electronic check,89.55,1021.75,0.0
0621-HJWXJ,Female,0,Yes,No,63,Yes,Fiber optic,No,No,No,Month-to-month,Bank transfer (automatic),81.55,5029.05,0.0
5844-QVTAT,Female,0,Yes,Yes,33,Yes,DSL,Yes,No,No,One year,Mailed check,58.45,1955.4,0.0
8905-IAZPF,Female,0,Yes,No,69,Yes,Fiber optic,No,No,Yes,One year,Credit card (automatic),95.65,6744.2,0.0
5394-MEITZ,Female,0,Yes,Yes,60,Yes,DSL,No,Yes,Yes,Two year,Bank transfer (automatic),80.6,4946.7,0.0
6859-QNXIQ,Female,0,Yes,Yes,72,Yes,Fiber optic,Yes,Yes,Yes,Two year,Bank transfer (automatic),113.1,8248.5,0.0
2782-LFZVW,Female,0,No,No,11,Yes,DSL,No,No,No,Month-to-month,Mailed check,58.95,601.6,0.0
2866-IKBTM,Female,0,No,No,1,Yes,No,No internet service,No internet service,No internet service,Month-to-month,Mailed check,19.55,19.55,0.0
1342-JPNKI,Male,0,No,No,10,Yes,Fiber optic,No,No,Yes,Month-to-month,Bank transfer (automatic),86.05,834.1,1.0
2817-NTQDO,Male,0,No,No,13,Yes,DSL,Yes,Yes,Yes,Month-to-month,Credit card (automatic),45.55,597.0,1.0
7129-AZJDE,Male,0,Yes,Yes,34,Yes,Fiber optic,No,No,No,One year,Bank transfer (automatic),78.95,2647.2,0.0
6986-IJDHX,Male,0,Yes,Yes,39,Yes,Fiber optic,No,No,Yes,Month-to-month,Mailed check,86.3,3266.0,1.0
2560-PPCHE,Female,0,No,No,65,Yes,Fiber optic,No,Yes,Yes,One year,Bank transfer (automatic),105.05,6744.25,0.0
4676-MQUEA,Male,1,Yes,No,50,Yes,Fiber optic,Yes,No,Yes,One year,Bank transfer (automatic),101.9,5265.5,0.0
8138-EALND,Male,0,No,No,15,Yes,No,No internet service,No internet service,No internet service,Month-to-month,Mailed check,19.75,311.6,0.0
3580-HYCSP,Male,0,Yes,Yes,72,Yes,Fiber optic,Yes,No,Yes,Two year,Bank transfer (automatic),110.3,7966.9,0.0
1352-HNSAW,Female,0,Yes,Yes,72,No,Fiber optic,Yes,Yes,Yes,Two year,Bank transfer (automatic),115.6,8220.4,0.0
2075-PUEPR,Male,0,Yes,Yes,55,Yes,No,No internet service,No internet service,No internet service,Two year,Bank transfer (automatic),19.35,1153.25,0.0
1982-FEBTD,Female,0,Yes,Yes,23,Yes,No,No internet service,No internet service,No internet service,Two year,Credit card (automatic),25.6,514.75,0.0
5301-GAUUY,Male,0,No,No,32,Yes,Fiber optic,No,No,No,Month-to-month,Bank transfer (automatic),80.35,2596.15,1.0
5791-KAJFD,Female,0,Yes,Yes,56,Yes,DSL,Yes,No,No,One year,Bank transfer (automatic),68.75,3808.0,0.0
2654-VBVPB,Female,0,No,No,1,Yes,No,No internet service,No internet service,No internet service,Month-to-month,Bank transfer (automatic),19.9,19.9,0.0
1154-HYWWO,Male,0,No,No,38,Yes,DSL,Yes,Yes,Yes,One year,Mailed check,70.6,2708.2,0.0
2501-XWWTZ,Male,0,No,No,11,Yes,Fiber optic,No,No,No,Month-to-month,Electronic check,70.2,760.05,0.0
3716-UVSPD,Male,0,No,No,1,Yes,DSL,No,Yes,No,Month-to-month,Electronic check,49.3,49.3,0.0
6815-ABQFQ,Male,0,Yes,No,56,Yes,Fiber optic,No,Yes,Yes,One year,Electronic check,107.25,6033.3,0.0
7343-EOBEU,Male,0,Yes,No,3,Yes,No,No internet service,No internet service,No internet service,Month-to-month,Mailed check,23.6,89.05,0.0
3701-SFMUH,Male,0,Yes,Yes,7,Yes,DSL,Yes,No,Yes,Month-to-month,Credit card (automatic),69.7,516.15,0.0
6103-LIANB,Male,0,Yes,Yes,59,Yes,Fiber optic,No,No,Yes,Two year,Credit card (automatic),99.5,5861.75,0.0
7319-VENRZ,Male,0,No,No,7,Yes,DSL,No,Yes,Yes,Month-to-month,Bank transfer (automatic),64.3,445.95,0.0
5846-NEQVZ,Male,0,Yes,Yes,71,No,DSL,Yes,Yes,No,Two year,Credit card (automatic),70.85,4973.4,0.0
6967-QIQRV,Male,0,Yes,Yes,15,Yes,Fiber optic,Yes,Yes,Yes,One year,Electronic check,101.9,1667.25,0.0
5781-RFZRP,Male,0,Yes,No,71,Yes,DSL,Yes,Yes,Yes,Two year,Credit card (automatic),73.5,5357.75,0.0
0939-YAPAF,Female,0,No,No,35,Yes,Fiber optic,No,No,Yes,Month-to-month,Electronic check,100.25,3527.6,1.0
0308-IVGOK,Female,0,No,No,11,Yes,DSL,No,Yes,No,One year,Credit card (automatic),40.4,422.6,0.0
7293-LSCDV,Female,0,Yes,Yes,60,Yes,No,No internet service,No internet service,No internet service,Two year,Credit card (automatic),19.25,1103.25,0.0
7025-WCBNE,Male,1,No,No,47,No,DSL,No,Yes,No,Two year,Bank transfer (automatic),59.6,2754.0,0.0
5756-JYOJT,Female,0,No,No,11,No,DSL,No,Yes,No,One year,Credit card (automatic),64.9,697.25,0.0
4710-FDUIZ,Male,0,Yes,No,56,Yes,Fiber optic,No,No,Yes,One year,Credit card (automatic),100.3,5614.45,1.0
6030-REHUX,Female,1,Yes,No,28,Yes,Fiber optic,No,Yes,Yes,Month-to-month,Electronic check,110.85,3204.4,0.0
9548-LIGTA,Male,0,Yes,No,61,No,DSL,Yes,Yes,Yes,Two year,Mailed check,81.05,4747.65,0.0
5150-LJNSR,Male,0,Yes,Yes,31,Yes,Fiber optic,Yes,No,Yes,One year,Bank transfer (automatic),98.05,3082.1,0.0
8270-RKSAP,Male,0,No,No,9,Yes,Fiber optic,No,No,No,Month-to-month,Electronic check,70.5,597.9,0.0
6522-YRBXD,Male,1,Yes,No,35,Yes,Fiber optic,Yes,No,No,Month-to-month,Electronic check,94.55,3365.4,0.0
2640-LYMOV,Male,0,No,No,2,Yes,No,No internet service,No internet service,No internet service,Month-to-month,Mailed check,19.65,38.8,0.0
1218-VKFPE,Female,0,Yes,Yes,12,Yes,No,No internet service,No internet service,No internet service,Month-to-month,Mailed check,19.0,233.55,1.0
3627-FHKBK,Female,0,No,No,1,Yes,Fiber optic,Yes,No,No,Month-to-month,Mailed check,75.3,75.3,1.0
2865-TCHJW,Female,1,No,No,4,Yes,Fiber optic,No,No,Yes,Month-to-month,Electronic check,89.2,346.2,1.0
1423-BMPBQ,Female,0,Yes,Yes,1,Yes,No,No internet service,No internet service,No internet service,Month-to-month,Mailed check,19.0,19.0,0.0
2393-DIVAI,Female,0,No,No,3,Yes,No,No internet service,No internet service,No internet service,Month-to-month,Mailed check,20.0,61.7,0.0
5192-EBGOV,Female,1,No,No,1,Yes,Fiber optic,No,No,Yes,Month-to-month,Electronic check,85.7,85.7,1.0
4568-KNYWR,Male,0,No,No,52,No,DSL,Yes,No,Yes,Two year,Credit card (automatic),63.25,3342.45,0.0
8752-IMQOS,Male,0,Yes,Yes,5,Yes,No,No internet service,No internet service,No internet service,One year,Mailed check,20.1,85.1,0.0
0742-LAFQK,Male,0,Yes,No,72,No,Fiber optic,Yes,No,No,Two year,Electronic check,99.15,7422.1,0.0
0795-LAFGP,Male,0,Yes,Yes,71,Yes,DSL,Yes,Yes,Yes,Two year,Electronic check,90.4,6668.05,0.0
0619-OLYUR,Male,0,Yes,No,72,Yes,Fiber optic,Yes,Yes,Yes,Two year,Credit card (automatic),111.9,8071.05,0.0
5512-IDZEI,Male,0,Yes,Yes,46,Yes,No,No internet service,No internet service,No internet service,One year,Electronic check,24.9,1174.8,0.0
0459-SPZHJ,Male,0,Yes,Yes,63,Yes,DSL,Yes,No,Yes,Two year,Credit card (automatic),83.5,5435.0,0.0
0215-BQKGS,Male,0,No,No,30,Yes,Fiber optic,Yes,No,No,Month-to-month,Credit card (automatic),84.3,2438.6,0.0
9244-ZVAPM,Male,0,No,No,1,Yes,DSL,No,No,No,Month-to-month,Mailed check,45.6,45.6,0.0
0719-SYFRB,Female,0,No,No,12,Yes,DSL,Yes,Yes,No,Month-to-month,Mailed check,61.65,713.75,1.0
8208-EUMTE,Male,0,No,No,16,Yes,DSL,Yes,Yes,Yes,Two year,Mailed check,54.85,916.15,0.0
5172-MIGPM,Male,0,No,No,4,Yes,DSL,No,Yes,No,Month-to-month,Mailed check,65.55,237.2,0.0
1710-RCXUS,Male,0,Yes,No,51,Yes,Fiber optic,No,No,No,One year,Credit card (automatic),90.35,4614.55,0.0
0374-FIUCA,Male,0,Yes,No,65,Yes,No,No internet service,No internet service,No internet service,Two year,Credit card (automatic),20.4,1414.45,0.0
5839-SUYVZ,Male,0,No,No,16,No,Fiber optic,No,Yes,No,Month-to-month,Credit card (automatic),74.55,1170.5,0.0
5173-ZXXXL,Male,0,No,No,2,Yes,No,No internet service,No internet service,No internet service,One year,Mailed check,19.95,47.7,0.0
1096-ADRUX,Female,0,Yes,Yes,66,Yes,Fiber optic,No,No,No,One year,Bank transfer (automatic),74.25,4859.25,0.0
2001-MCUUW,Male,0,No,No,46,Yes,Fiber optic,No,Yes,Yes,Two year,Electronic check,108.65,4903.2,0.0
2731-GJRDG,Female,0,No,No,32,Yes,Fiber optic,Yes,Yes,Yes,One year,Bank transfer (automatic),109.55,3608.0,0.0
4723-BEGSG,Male,0,Yes,No,72,Yes,DSL,Yes,Yes,Yes,Two year,Credit card (automatic),86.65,6094.25,0.0
6516-NKQBO,Male,0,Yes,Yes,38,Yes,DSL,Yes,Yes,Yes,Two year,Credit card (automatic),81.0,3084.9,0.0
8672-OAUPW,Male,0,No,Yes,51,Yes,DSL,No,Yes,No,One year,Credit card (automatic),47.85,2356.75,0.0
8207-DMRVL,Male,0,Yes,Yes,72,Yes,Fiber optic,Yes,Yes,Yes,Two year,Bank transfer (automatic),114.55,8306.05,0.0
3419-SNJJD,Female,1,Yes,No,65,Yes,Fiber optic,Yes,No,Yes,Month-to-month,Bank transfer (automatic),105.25,6786.4,1.0
6543-CPZMK,Male,0,Yes,Yes,9,Yes,DSL,No,No,No,Month-to-month,Electronic check,29.95,248.95,1.0
4765-OXPPD,Female,0,Yes,Yes,9,Yes,DSL,Yes,Yes,No,Month-to-month,Mailed check,65.0,663.05,1.0
2804-ETQDK,Male,0,No,Yes,66,Yes,No,No internet service,No internet service,No internet service,Two year,Mailed check,20.55,1357.1,0.0
6689-VRRTK,Female,1,No,No,44,Yes,Fiber optic,Yes,No,Yes,One year,Credit card (automatic),109.8,4860.35,0.0
7138-GIRSH,Male,0,No,No,50,Yes,DSL,No,Yes,No,Two year,Bank transfer (automatic),69.5,3418.2,0.0
9396-ZSFLL,Female,0,No,No,15,Yes,DSL,No,No,No,Month-to-month,Mailed check,48.85,631.4,0.0
6464-KEXXH,Male,0,No,No,8,Yes,DSL,No,No,No,Month-to-month,Credit card (automatic),65.60756321839081,186.3,0.0
7134-MJPDY,Female,1,No,No,66,Yes,Fiber optic,No,Yes,Yes,One year,Credit card (automatic),65.60756321839081,6976.75,0.0
5240-CAOYT,Female,0,No,No,57,No,Fiber optic,Yes,Yes,No,Month-to-month,Bank transfer (automatic),65.60756321839081,4884.85,0.0
4059-IIEBK,Female,0,No,No,7,Yes,Fiber optic,No,No,No,Month-to-month,Bank transfer (automatic),65.60756321839081,522.95,0.0
4881-JVQOD,Male,1,Yes,Yes,10,Yes,DSL,No,No,No,Month-to-month,Bank transfer (automatic),65.60756321839081,362.6,0.0
0516-UXRMT,Female,0,No,No,62,Yes,Fiber optic,Yes,No,No,One year,Electronic check,65.60756321839081,5755.8,0.0
4851-BQDNX,Male,0,Yes,Yes,40,Yes,Fiber optic,No,No,Yes,One year,Electronic check,65.60756321839081,3355.65,0.0
5148-HKFIR,Female,0,No,No,20,Yes,No,No internet service,No internet service,No internet service,Two year,Mailed check,65.60756321839081,406.95,0.0
1009-IRMNA,Female,0,No,No,7,No,No,No internet service,No internet service,No internet service,Month-to-month,Bank transfer (automatic),65.60756321839081,137.6,1.0
3003-CMDUU,Female,0,Yes,No,25,Yes,Fiber optic,No,Yes,Yes,Month-to-month,Electronic check,65.60756321839081,2395.7,0.0
5016-IBERQ,Male,0,Yes,No,23,Yes,Fiber optic,No,No,No,Month-to-month,Electronic check,65.60756321839081,1968.1,0.0
6797-UCJHZ,Female,1,Yes,No,66,Yes,Fiber optic,No,No,Yes,One year,Credit card (automatic),65.60756321839081,6819.45,0.0
2469-DTSGX,Female,1,No,No,72,Yes,Fiber optic,No,Yes,Yes,Two year,Electronic check,65.60756321839081,7943.45,0.0
4554-YGZIH,Male,1,Yes,No,49,Yes,Fiber optic,No,No,No,Month-to-month,Credit card (automatic),65.60756321839081,4547.25,1.0
5099-BAILX,Male,1,Yes,Yes,43,Yes,Fiber optic,No,Yes,Yes,Month-to-month,Bank transfer (automatic),65.60756321839081,4687.9,1.0
9931-KGHOA,Female,0,Yes,No,46,Yes,DSL,Yes,No,No,Month-to-month,Bank transfer (automatic),65.60756321839081,2473.95,0.0
1775-KWJKQ,Male,0,Yes,Yes,72,Yes,DSL,Yes,Yes,Yes,Two year,Credit card (automatic),65.60756321839081,6562.9,0.0
7665-VIGUD,Male,0,No,No,10,No,No,No internet service,No internet service,No internet service,One year,Mailed check,65.60756321839081,176.3,0.0
9411-TPQQV,Female,0,No,No,40,Yes,DSL,Yes,Yes,Yes,One year,Bank transfer (automatic),65.60756321839081,2236.2,0.0
7207-RMRDB,Female,0,Yes,Yes,65,Yes,Fiber optic,No,No,Yes,Month-to-month,Electronic check,65.60756321839081,6985.65,1.0
7954-MLBUN,Male,0,No,No,31,Yes,Fiber optic,No,Yes,Yes,Two year,Bank transfer (automatic),99.45,3109.9,0.0
2077-DDHJK,Female,0,Yes,No,68,Yes,DSL,Yes,Yes,No,Two year,Credit card (automatic),70.9,4911.35,0.0
4913-EHYUI,Male,1,Yes,Yes,56,No,Fiber optic,Yes,No,Yes,One year,Bank transfer (automatic),104.55,5794.65,1.0
0195-IESCP,Male,0,Yes,No,10,Yes,Fiber optic,No,No,No,Month-to-month,Electronic check,85.25,855.3,1.0
9574-BOSMD,Male,0,Yes,Yes,68,Yes,No,No internet service,No internet service,No internet service,Two year,Bank transfer (automatic),25.4,1620.2,0.0
4580-TMHJU,Female,0,Yes,Yes,43,Yes,DSL,No,No,Yes,Month-to-month,Electronic check,56.15,2499.3,1.0
0970-ETWGE,Male,0,No,No,1,Yes,Fiber optic,No,No,Yes,Month-to-month,Electronic check,89.55,89.55,1.0
4908-XAXAY,Female,1,No,No,49,No,Fiber optic,No,No,No,One year,Bank transfer (automatic),89.85,4287.2,0.0
8404-VLQFB,Female,0,Yes,Yes,15,Yes,No,No internet service,No internet service,No internet service,Month-to-month,Electronic check,25.25,394.85,0.0
1626-ERCMM,Male,1,Yes,No,20,Yes,Fiber optic,No,No,Yes,Month-to-month,Electronic check,94.55,1899.65,1.0
0887-HJGAR,Male,0,No,No,1,Yes,DSL,No,No,No,Month-to-month,Mailed check,45.7,45.7,1.0
2391-IPLOP,Male,0,Yes,Yes,50,Yes,DSL,No,Yes,Yes,One year,Electronic check,69.65,3442.15,0.0
5644-PDMZC,Female,1,No,No,2,Yes,Fiber optic,No,No,No,Month-to-month,Electronic check,89.5,161.5,1.0
3509-GWQGF,Male,1,No,No,24,Yes,Fiber optic,No,No,No,Month-to-month,Credit card (automatic),70.0,1732.6,0.0
9576-ANLXO,Female,0,No,No,3,Yes,Fiber optic,No,No,No,Month-to-month,Bank transfer (automatic),69.55,222.3,1.0
2024-BASKD,Female,0,No,No,1,Yes,Fiber optic,No,No,No,Month-to-month,Mailed check,74.6,74.6,1.0
5845-BZZIB,Male,0,Yes,Yes,35,Yes,No,No internet service,No internet service,No internet service,Two year,Mailed check,20.1,655.3,0.0
1140-UKVZG,Female,0,No,No,17,Yes,No,No internet service,No internet service,No internet service,Month-to-month,Mailed check,24.8,475.25,0.0
4160-AMJTL,Female,1,No,No,8,Yes,No,No internet service,No internet service,No internet service,Month-to-month,Electronic check,19.65,164.3,1.0
5183-SNMJQ,Male,0,No,No,10,Yes,Fiber optic,No,Yes,Yes,Month-to-month,Credit card (automatic),95.1,865.1,0.0
8100-PNJMH,Male,0,Yes,Yes,68,Yes,DSL,Yes,Yes,Yes,Two year,Credit card (automatic),88.85,6132.7,0.0
7838-LAZFO,Male,0,Yes,No,45,Yes,DSL,Yes,No,Yes,One year,Bank transfer (automatic),78.8,3597.5,0.0
4464-JCOLN,Male,0,Yes,Yes,2,Yes,No,No internet service,No internet service,No internet service,One year,Mailed check,19.85,35.9,1.0
2085-JVGAD,Male,0,Yes,No,37,Yes,No,No internet service,No internet service,No internet service,Month-to-month,Bank transfer (automatic),20.35,697.65,0.0
5650-VDUDS,Female,0,No,No,4,Yes,DSL,No,No,No,Month-to-month,Mailed check,24.25,96.05,1.0
8095-WANWK,Female,0,No,No,10,Yes,DSL,No,No,No,Month-to-month,Mailed check,45.25,428.7,0.0
3030-ZKIWL,Male,0,No,No,1,No,No,No internet service,No internet service,No internet service,Month-to-month,Mailed check,20.05,20.05,0.0
9565-FLVCG,Male,0,Yes,Yes,65,Yes,DSL,Yes,No,No,Two year,Mailed check,69.55,4459.15,0.0
8755-OGKNA,Female,0,Yes,Yes,57,Yes,No,No internet service,No internet service,No internet service,Two year,Bank transfer (automatic),19.5,1167.6,0.0
2800-VEQXM,Female,0,No,No,3,Yes,Fiber optic,No,No,No,Month-to-month,Mailed check,74.75,238.1,0.0
7538-GWHML,Female,0,No,No,2,Yes,Fiber optic,No,No,No,Month-to-month,Electronic check,69.65,145.15,1.0
5533-RJFTJ,Male,0,No,No,49,Yes,DSL,No,No,No,Month-to-month,Bank transfer (automatic),30.2,1453.1,0.0
3859-CVCET,Female,0,No,No,4,Yes,DSL,No,No,No,Month-to-month,Mailed check,45.65,191.05,1.0
0214-JHPFW,Female,0,Yes,No,70,Yes,DSL,No,Yes,Yes,Two year,Bank transfer (automatic),57.8,4039.3,0.0
5642-MHDQT,Female,0,Yes,Yes,53,Yes,No,No internet service,No internet service,No internet service,One year,Bank transfer (automatic),19.85,1039.45,0.0
3088-FVYWK,Male,0,Yes,Yes,53,Yes,No,No internet service,No internet service,No internet service,Two year,Credit card (automatic),25.55,1336.1,0.0
3276-HDUEG,Female,0,No,No,1,Yes,Fiber optic,No,No,No,Month-to-month,Mailed check,75.05,75.05,1.0
9092-GDZKO,Male,0,No,No,22,Yes,No,No internet service,No internet service,No internet service,Month-to-month,Credit card (automatic),24.85,493.4,0.0
0823-HSCDJ,Male,1,No,No,52,Yes,DSL,No,No,Yes,Month-to-month,Electronic check,49.15,2550.9,1.0
3729-OWRVL,Male,1,No,No,65,No,Fiber optic,Yes,Yes,Yes,Two year,Electronic check,110.35,7246.15,0.0
2324-AALNO,Female,0,No,No,48,Yes,No,No internet service,No internet service,No internet service,One year,Bank transfer (automatic),24.55,1203.95,0.0
0822-GAVAP,Female,0,No,No,2,Yes,DSL,No,No,No,Month-to-month,Electronic check,34.7,62.25,1.0
5760-IFJOZ,Male,0,No,No,3,Yes,Fiber optic,No,No,Yes,Month-to-month,Mailed check,107.95,313.6,0.0
2826-UWHIS,Male,0,Yes,No,45,Yes,Fiber optic,No,No,No,Month-to-month,Bank transfer (automatic),81.4,3775.85,0.0
1448-PWKYE,Male,0,Yes,Yes,1,No,Fiber optic,No,No,No,Month-to-month,Electronic check,80.0,80.0,1.0
7501-IWUNG,Female,0,Yes,Yes,61,No,DSL,No,Yes,Yes,Two year,Bank transfer (automatic),65.60756321839081,4616.05,0.0
4957-TREIR,Male,0,No,No,3,Yes,DSL,Yes,Yes,Yes,Month-to-month,Credit card (automatic),65.60756321839081,195.65,0.0
7251-LJBQN,Female,1,No,No,40,Yes,Fiber optic,No,Yes,Yes,One year,Credit card (automatic),65.60756321839081,4188.4,0.0
8040-MNRTF,Female,0,No,No,1,Yes,Fiber optic,No,No,No,Month-to-month,Mailed check,65.60756321839081,71.1,0.0
1536-HBSWP,Female,0,No,No,1,Yes,DSL,No,Yes,No,Month-to-month,Electronic check,65.60756321839081,49.9,0.0
5313-FPXWG,Male,0,No,No,51,Yes,No,No internet service,No internet service,No internet service,One year,Bank transfer (automatic),65.60756321839081,1266.4,0.0
0067-DKWBL,Male,1,No,No,2,Yes,DSL,Yes,No,No,Month-to-month,Electronic check,65.60756321839081,91.1,1.0
0946-FKYTX,Male,0,No,No,52,Yes,DSL,No,No,No,One year,Mailed check,65.60756321839081,1623.4,0.0
5076-YVXCM,Male,0,No,No,51,Yes,Fiber optic,No,No,No,Month-to-month,Bank transfer (automatic),83.4,4149.45,0.0
8262-COGGB,Male,0,No,No,1,Yes,No,No internet service,No internet service,No internet service,Month-to-month,Mailed check,20.45,20.45,0.0
6663-JOCQO,Male,0,Yes,Yes,31,Yes,DSL,Yes,Yes,No,One year,Bank transfer (automatic),75.25,2344.5,0.0
9620-QJREV,Male,0,No,Yes,47,Yes,No,No internet service,No internet service,No internet service,One year,Credit card (automatic),20.55,1013.05,0.0
2276-YDAVZ,Female,0,No,No,3,Yes,Fiber optic,No,No,No,Month-to-month,Credit card (automatic),75.1,270.7,1.0
2682-KEVRP,Female,1,No,No,22,Yes,No,No internet service,No internet service,No internet service,One year,Mailed check,20.05,417.0,0.0
2480-JZOSN,Female,0,Yes,No,1,Yes,No,No internet service,No internet service,No internet service,Month-to-month,Mailed check,20.65,20.65,0.0
0078-XZMHT,Male,0,Yes,No,72,Yes,DSL,No,Yes,Yes,Two year,Bank transfer (automatic),85.15,6316.2,0.0
5896-NPFWW,Male,0,Yes,Yes,3,Yes,DSL,No,No,No,Month-to-month,Electronic check,50.15,168.15,1.0
9978-HYCIN,Male,1,Yes,Yes,47,Yes,Fiber optic,No,No,Yes,One year,Bank transfer (automatic),84.95,4018.05,0.0
8338-QIUNR,Male,0,Yes,Yes,72,Yes,DSL,Yes,Yes,No,Two year,Credit card (automatic),66.5,4811.6,0.0
1525-LNLOJ,Male,0,Yes,Yes,66,Yes,DSL,No,No,Yes,Two year,Bank transfer (automatic),63.3,4189.7,0.0
9450-TRJUU,Male,0,No,No,35,Yes,Fiber optic,No,No,Yes,Month-to-month,Electronic check,83.15,2848.45,0.0
1766-GKNMI,Male,0,No,No,29,Yes,Fiber optic,No,No,No,Month-to-month,Electronic check,84.9,2516.2,0.0
6942-LBFDP,Female,0,No,No,2,Yes,No,No internet service,No internet service,No internet service,Month-to-month,Mailed check,20.55,33.6,0.0
1456-TWCGB,Male,0,No,No,4,No,DSL,No,No,No,Month-to-month,Mailed check,49.25,208.45,0.0
7133-VBDCG,Female,0,No,No,25,Yes,Fiber optic,Yes,No,No,Month-to-month,Bank transfer (automatic),79.85,2015.35,1.0
7596-ZYWBB,Female,0,No,No,65,Yes,DSL,Yes,Yes,No,Two year,Mailed check,59.6,3739.8,0.0
8329-UTMVM,Male,1,No,No,27,Yes,Fiber optic,No,Yes,Yes,One year,Bank transfer (automatic),104.65,2964.0,0.0
3014-WJKSM,Male,0,Yes,No,29,Yes,Fiber optic,No,No,No,Month-to-month,Credit card (automatic),75.3,2263.4,0.0
3347-YJZZE,Male,0,Yes,Yes,29,Yes,DSL,No,No,Yes,Month-to-month,Credit card (automatic),80.1,2211.8,0.0
1029-QFBEN,Male,0,No,No,1,Yes,No,No internet service,No internet service,No internet service,Month-to-month,Mailed check,19.55,19.55,1.0
7929-DMBCV,Female,0,Yes,No,20,Yes,Fiber optic,No,Yes,No,Month-to-month,Mailed check,81.0,1683.7,0.0
9661-JALZV,Female,0,No,No,58,Yes,No,No internet service,No internet service,No internet service,Two year,Credit card (automatic),24.7,1519.0,0.0
5433-KYGHE,Female,0,No,Yes,14,Yes,Fiber optic,Yes,Yes,No,Month-to-month,Mailed check,86.0,1164.05,0.0
4312-KFRXN,Male,0,Yes,No,72,Yes,No,No internet service,No internet service,No internet service,Two year,Mailed check,25.4,1710.9,0.0
5575-TPIZQ,Male,0,No,No,46,No,Fiber optic,Yes,No,Yes,Month-to-month,Credit card (automatic),89.15,4245.55,0.0
0114-IGABW,Female,0,Yes,No,71,Yes,DSL,No,Yes,Yes,Two year,Bank transfer (automatic),58.25,4145.9,0.0
9944-AEXBM,Male,0,No,No,32,Yes,Fiber optic,No,No,No,Month-to-month,Bank transfer (automatic),85.65,2664.3,0.0
1853-ARAAQ,Female,0,No,No,26,Yes,DSL,No,No,Yes,Month-to-month,Credit card (automatic),50.35,1277.5,0.0
6952-OMNWB,Male,1,Yes,No,68,Yes,Fiber optic,No,No,No,Month-to-month,Credit card (automatic),80.35,5589.3,0.0
4697-LUPSU,Male,0,Yes,Yes,2,Yes,No,No internet service,No internet service,No internet service,One year,Mailed check,20.2,34.75,0.0
8434-VGEQQ,Male,0,Yes,Yes,61,Yes,No,No internet service,No internet service,No internet service,Two year,Credit card (automatic),20.55,1305.95,0.0
4952-YSOGZ,Female,0,Yes,Yes,4,Yes,Fiber optic,No,No,No,Month-to-month,Electronic check,85.95,381.3,1.0
1589-AGTLK,Male,0,No,No,3,Yes,DSL,No,No,No,Month-to-month,Electronic check,45.35,141.5,1.0
5244-IRFIH,Male,1,Yes,No,33,Yes,Fiber optic,No,No,Yes,Month-to-month,Electronic check,94.5,3105.55,1.0
6549-YMFAW,Male,1,Yes,No,9,Yes,No,No internet service,No internet service,No internet service,Month-to-month,Mailed check,21.25,204.55,0.0
4950-HKQTE,Female,0,No,No,22,Yes,No,No internet service,No internet service,No internet service,Two year,Mailed check,26.25,605.9,0.0
6786-OBWQR,Female,0,Yes,Yes,5,Yes,Fiber optic,No,No,Yes,Month-to-month,Electronic check,80.85,356.1,0.0
2684-EIWEO,Female,1,No,No,30,Yes,Fiber optic,Yes,No,No,Month-to-month,Credit card (automatic),91.7,2758.15,1.0
2753-JMMCV,Male,0,No,No,65,Yes,DSL,No,Yes,No,Two year,Credit card (automatic),74.2,4805.65,0.0
6439-GTPCA,Female,0,No,No,45,No,Fiber optic,No,Yes,No,Month-to-month,Electronic check,87.25,3941.7,1.0
6621-YOBKI,Male,0,No,No,5,Yes,No,No internet service,No internet service,No internet service,Month-to-month,Mailed check,20.35,92.75,0.0
1216-JWVUX,Male,0,Yes,Yes,25,Yes,Fiber optic,No,No,No,Month-to-month,Electronic check,75.5,1901.05,0.0
7564-GHCVB,Female,0,Yes,Yes,72,Yes,Fiber optic,Yes,No,No,Two year,Bank transfer (automatic),79.05,5730.7,0.0
1173-NOEYG,Female,0,Yes,No,27,Yes,Fiber optic,No,No,No,Month-to-month,Bank transfer (automatic),90.15,2423.4,0.0
7595-EHCDL,Male,0,Yes,Yes,32,Yes,DSL,No,No,Yes,Month-to-month,Credit card (automatic),50.6,1653.45,0.0
6647-ZEDXT,Female,0,No,No,30,Yes,Fiber optic,No,Yes,Yes,One year,Credit card (automatic),110.45,3327.05,0.0
2521-NPUZR,Male,0,Yes,No,70,No,Fiber optic,Yes,Yes,No,Two year,Credit card (automatic),101.0,7085.5,0.0
1307-TVUFB,Male,1,No,No,42,Yes,Fiber optic,No,No,No,Month-to-month,Bank transfer (automatic),79.35,3344.1,0.0
7503-MIOGA,Female,1,Yes,No,72,Yes,DSL,Yes,Yes,Yes,Two year,Bank transfer (automatic),89.85,6697.35,0.0
4381-MHQDC,Female,0,No,No,47,Yes,DSL,Yes,Yes,No,Two year,Mailed check,65.0,2879.9,0.0
6923-JHPMP,Female,0,No,No,2,Yes,Fiber optic,Yes,No,No,Month-to-month,Electronic check,80.45,137.1,0.0
5138-WVKYJ,Male,0,No,No,10,Yes,Fiber optic,Yes,No,Yes,Month-to-month,Electronic check,98.55,1008.55,1.0
4018-PPNDW,Female,0,Yes,Yes,61,Yes,No,No internet service,No internet service,No internet service,Two year,Mailed check,24.1,1551.6,0.0
1635-FJFCC,Female,0,No,No,5,Yes,DSL,No,No,No,Month-to-month,Credit card (automatic),44.05,202.15,0.0
2499-AJYUA,Female,1,Yes,No,72,Yes,Fiber optic,No,Yes,Yes,Two year,Credit card (automatic),110.8,7882.25,0.0
6919-ELBGL,Male,1,Yes,Yes,72,Yes,Fiber optic,Yes,Yes,Yes,Two year,Bank transfer (automatic),114.95,8196.4,0.0
3966-HRMZA,Female,1,No,No,3,Yes,Fiber optic,No,No,No,Month-to-month,Mailed check,75.05,202.9,0.0
6425-JWTDV,Male,0,Yes,No,48,Yes,No,No internet service,No internet service,No internet service,Two year,Mailed check,19.25,855.1,0.0
8405-IGQFX,Female,0,No,No,63,Yes,Fiber optic,No,Yes,Yes,One year,Credit card (automatic),90.05,5817.0,0.0
8224-IVVPA,Female,0,No,No,27,Yes,DSL,Yes,No,No,Month-to-month,Mailed check,56.7,1652.95,0.0
9477-LGWQI,Male,0,Yes,Yes,70,Yes,DSL,Yes,No,Yes,Two year,Credit card (automatic),80.15,5600.15,0.0
1410-RSCMR,Male,0,Yes,Yes,7,Yes,DSL,Yes,Yes,No,Month-to-month,Credit card (automatic),71.35,515.75,0.0
3115-CZMZD,Male,0,No,Yes,0,Yes,No,No internet service,No internet service,No internet service,Two year,Mailed check,20.25,40.5,0.0
0139-IVFJG,Female,0,Yes,No,2,Yes,Fiber optic,Yes,No,Yes,Month-to-month,Electronic check,90.35,190.5,0.0
6683-VLCTZ,Male,1,No,No,20,Yes,Fiber optic,No,No,Yes,Month-to-month,Electronic check,98.55,1842.8,1.0
5730-DBDSI,Male,0,No,No,66,Yes,No,No internet service,No internet service,No internet service,Two year,Bank transfer (automatic),19.7,1253.8,0.0
0030-FNXPP,Female,0,No,No,3,Yes,No,No internet service,No internet service,No internet service,Month-to-month,Mailed check,19.85,57.2,0.0
2189-WWOEW,Female,0,No,Yes,15,Yes,Fiber optic,No,No,No,Month-to-month,Bank transfer (automatic),85.9,1269.55,1.0
5684-FJVYR,Female,0,Yes,Yes,72,Yes,Fiber optic,Yes,Yes,No,Two year,Bank transfer (automatic),90.35,6563.4,0.0
4013-GUXND,Male,0,No,No,1,Yes,No,No internet service,No internet service,No internet service,Month-to-month,Mailed check,20.8,20.8,0.0
1894-IGFSG,Female,0,No,No,22,Yes,Fiber optic,No,No,Yes,Month-to-month,Electronic check,89.25,1907.85,1.0
7379-POKDZ,Male,0,Yes,No,3,Yes,Fiber optic,No,No,No,Month-to-month,Electronic check,70.3,208.85,1.0
1266-NZYUI,Female,0,Yes,Yes,72,Yes,DSL,Yes,Yes,No,Two year,Bank transfer (automatic),66.85,4758.8,0.0
7969-FFOWG,Male,0,Yes,Yes,65,Yes,No,No internet service,No internet service,No internet service,Two year,Mailed check,19.9,1292.6,0.0
4718-DHSMV,Female,0,No,No,11,Yes,DSL,No,No,Yes,Month-to-month,Mailed check,35.8,363.15,0.0
5175-WLYXL,Male,0,No,No,22,No,Fiber optic,No,No,No,Month-to-month,Mailed check,78.85,1600.25,0.0
7817-OMJNA,Male,0,No,No,14,Yes,No,No internet service,No internet service,No internet service,One year,Bank transfer (automatic),20.4,275.7,0.0
8728-SKJLR,Male,0,No,No,41,Yes,Fiber optic,No,Yes,No,Month-to-month,Electronic check,74.25,3089.1,0.0
3137-NYQQI,Male,0,Yes,No,17,Yes,DSL,Yes,No,No,One year,Mailed check,64.8,1175.6,0.0
7706-DZNKK,Male,0,No,No,11,Yes,No,No internet service,No internet service,No internet service,Month-to-month,Credit card (automatic),20.45,237.3,0.0
0236-HFWSV,Male,0,No,No,15,Yes,Fiber optic,No,No,Yes,Month-to-month,Electronic check,93.35,1444.65,1.0
3900-AQPHZ,Female,0,No,No,1,Yes,No,No internet service,No internet service,No internet service,Month-to-month,Mailed check,19.9,19.9,1.0
5842-POCOP,Female,0,Yes,No,5,Yes,Fiber optic,Yes,No,No,Month-to-month,Mailed check,88.9,454.15,1.0
2037-XJFUP,Male,0,Yes,No,33,No,Fiber optic,No,No,Yes,One year,Electronic check,95.8,3036.75,1.0
8823-RLPWL,Female,0,Yes,No,72,No,Fiber optic,Yes,No,Yes,Two year,Credit card (automatic),110.65,8065.65,0.0
9505-SQFSW,Female,0,Yes,Yes,3,Yes,DSL,No,No,No,Month-to-month,Mailed check,40.3,92.5,0.0
7314-OXENN,Male,0,No,No,2,Yes,Fiber optic,No,No,No,Month-to-month,Electronic check,82.0,184.65,1.0
3758-CKOQL,Female,0,Yes,No,59,Yes,Fiber optic,Yes,Yes,No,One year,Credit card (automatic),107.0,6152.3,0.0
0322-CHQRU,Male,0,No,No,2,Yes,DSL,No,No,No,Month-to-month,Electronic check,45.35,89.5,1.0
5676-CFLYY,Male,0,Yes,Yes,71,Yes,DSL,No,Yes,Yes,Two year,Credit card (automatic),73.35,5154.5,0.0
7521-AFHAB,Female,0,Yes,Yes,5,Yes,DSL,No,No,No,Month-to-month,Mailed check,44.8,220.45,0.0
0285-INHLN,Male,0,Yes,Yes,27,Yes,DSL,Yes,No,No,Month-to-month,Credit card (automatic),54.75,1510.3,0.0
4678-DVQEO,Female,0,No,No,1,Yes,DSL,No,Yes,No,Month-to-month,Electronic check,52.2,52.2,1.0
5125-CNDSP,Male,0,No,Yes,63,Yes,DSL,Yes,Yes,No,One year,Bank transfer (automatic),40.6,2588.95,0.0
0691-IFBQW,Female,1,No,No,46,Yes,Fiber optic,Yes,No,Yes,One year,Electronic check,110.0,4874.8,1.0
4992-LTJNE,Male,0,Yes,Yes,72,No,DSL,Yes,No,No,Two year,Bank transfer (automatic),55.3,3983.6,0.0
2202-OUTMO,Female,0,Yes,No,34,Yes,DSL,Yes,Yes,No,Month-to-month,Bank transfer (automatic),60.85,2003.6,0.0
0810-BDHAW,Female,0,Yes,Yes,24,Yes,DSL,Yes,No,Yes,One year,Electronic check,78.4,1832.4,0.0
0229-LFJAF,Male,0,No,No,72,Yes,DSL,Yes,Yes,No,Two year,Bank transfer (automatic),69.65,4908.25,0.0
7131-ZQZNK,Female,0,Yes,Yes,60,Yes,DSL,Yes,Yes,Yes,Two year,Credit card (automatic),59.85,3590.2,0.0
3442-ZHHCC,Male,0,No,No,68,Yes,DSL,Yes,No,No,One year,Credit card (automatic),76.9,5023.0,0.0
5726-CVNYA,Female,0,Yes,Yes,8,No,No,No internet service,No internet service,No internet service,Two year,Mailed check,19.85,146.6,0.0
9871-ELEYA,Female,0,No,Yes,34,Yes,DSL,Yes,Yes,Yes,Two year,Credit card (automatic),67.65,2339.3,0.0
4257-GAESD,Female,0,No,No,6,Yes,DSL,No,No,Yes,Month-to-month,Credit card (automatic),45.0,298.7,0.0
5173-WXOQV,Male,0,Yes,No,2,Yes,DSL,No,Yes,No,Month-to-month,Mailed check,64.2,143.65,0.0
2040-OBMLJ,Male,0,No,No,31,Yes,Fiber optic,No,Yes,No,One year,Credit card (automatic),81.7,2548.65,0.0
6286-ZHAOK,Female,0,Yes,Yes,20,Yes,No,No internet service,No internet service,No internet service,Month-to-month,Bank transfer (automatic),25.55,507.4,0.0
3807-XHCJH,Female,0,Yes,Yes,1,Yes,No,No internet service,No internet service,No internet service,Month-to-month,Electronic check,20.0,20.0,0.0
3009-JWMPU,Male,0,No,No,62,Yes,Fiber optic,No,No,Yes,One year,Electronic check,96.75,6125.4,1.0
5671-RQRLP,Female,1,Yes,No,70,Yes,Fiber optic,No,No,No,Two year,Credit card (automatic),75.65,5411.4,0.0
1450-GALXR,Female,0,No,No,10,Yes,Fiber optic,No,Yes,Yes,Month-to-month,Electronic check,98.5,1058.25,1.0
8859-AXJZP,Male,0,Yes,Yes,39,Yes,No,No internet service,No internet service,No internet service,Two year,Mailed check,23.8,903.8,0.0
3174-AKMAS,Female,0,Yes,No,46,Yes,DSL,No,Yes,Yes,Two year,Credit card (automatic),64.2,3009.5,0.0
3138-BKYAV,Male,0,No,No,6,Yes,Fiber optic,No,No,Yes,Month-to-month,Electronic check,85.35,489.45,1.0
9926-PJHDQ,Female,0,Yes,Yes,72,Yes,DSL,No,No,Yes,Two year,Bank transfer (automatic),76.8,5468.45,0.0
7382-DFJTU,Male,0,No,No,18,Yes,DSL,No,Yes,No,Month-to-month,Credit card (automatic),55.2,1058.1,0.0
2798-NYLMZ,Male,0,Yes,No,71,Yes,Fiber optic,Yes,Yes,Yes,Two year,Credit card (automatic),108.55,7616.0,0.0
4289-DTDKW,Male,0,Yes,No,40,Yes,Fiber optic,No,No,Yes,Month-to-month,Electronic check,101.3,4113.1,1.0
1820-TQVEV,Male,0,No,No,1,Yes,Fiber optic,No,No,No,Month-to-month,Electronic check,69.55,69.55,1.0
2239-JALAW,Male,0,No,No,58,Yes,Fiber optic,No,No,Yes,One year,Bank transfer (automatic),103.25,6017.65,1.0
4853-RULSV,Male,0,No,No,70,Yes,Fiber optic,Yes,Yes,Yes,Two year,Credit card (automatic),104.0,7250.15,1.0
8098-TDCBU,Female,0,Yes,No,42,Yes,No,No internet service,No internet service,No internet service,Two year,Electronic check,25.25,1108.2,0.0
3551-GAEGL,Male,0,Yes,Yes,34,Yes,DSL,Yes,No,No,One year,Bank transfer (automatic),30.4,938.65,0.0
4785-NKHCX,Male,1,No,No,5,Yes,No,No internet service,No internet service,No internet service,Month-to-month,Bank transfer (automatic),20.05,94.15,0.0
3196-NVXLZ,Female,0,No,No,25,No,Fiber optic,No,No,Yes,Month-to-month,Mailed check,84.6,2088.05,0.0
6275-YDUVO,Female,0,No,No,2,Yes,Fiber optic,No,No,No,Month-to-month,Mailed check,86.2,178.7,1.0
0036-IHMOT,Female,0,Yes,Yes,55,Yes,Fiber optic,No,Yes,Yes,One year,Bank transfer (automatic),103.7,5656.75,0.0
0115-TFERT,Male,0,Yes,No,21,Yes,Fiber optic,No,Yes,Yes,Month-to-month,Electronic check,111.2,2317.1,1.0
4178-EGMON,Male,0,Yes,No,70,Yes,Fiber optic,Yes,Yes,No,Two year,Credit card (automatic),88.0,5986.45,0.0
4220-TINQT,Female,0,Yes,No,61,Yes,Fiber optic,No,Yes,Yes,Month-to-month,Electronic check,106.35,6751.35,0.0
5318-YKDPV,Male,0,Yes,Yes,43,Yes,DSL,Yes,Yes,Yes,Two year,Credit card (automatic),79.15,3566.6,0.0
7975-TZMLR,Male,0,No,No,47,Yes,Fiber optic,No,No,Yes,One year,Electronic check,103.1,4889.3,0.0
0295-QVKPB,Male,0,No,No,5,No,DSL,No,Yes,Yes,Month-to-month,Credit card (automatic),63.95,318.1,0.0
4335-BSMJS,Female,0,No,No,62,Yes,No,No internet service,No internet service,No internet service,Two year,Credit card (automatic),25.8,1563.95,0.0
2311-QYMUQ,Female,0,Yes,Yes,16,Yes,Fiber optic,No,No,Yes,Month-to-month,Credit card (automatic),89.45,1430.25,1.0
3643-AHCFP,Male,1,Yes,No,7,Yes,Fiber optic,No,No,Yes,Month-to-month,Bank transfer (automatic),95.6,644.35,1.0
9146-JRIOX,Female,0,Yes,Yes,14,Yes,No,No internet service,No internet service,No internet service,Month-to-month,Mailed check,25.55,372.45,0.0
3104-OWCGK,Male,0,Yes,Yes,60,Yes,Fiber optic,No,No,Yes,One year,Electronic check,90.95,5453.4,1.0
5337-IIWKZ,Male,0,Yes,Yes,34,Yes,DSL,No,Yes,Yes,Month-to-month,Electronic check,44.85,1442.6,0.0
9101-BWFSS,Female,0,Yes,No,50,No,Fiber optic,Yes,Yes,Yes,One year,Electronic check,108.55,5610.7,1.0
9650-VBUOG,Male,0,Yes,Yes,38,Yes,No,No internet service,No internet service,No internet service,Two year,Credit card (automatic),25.05,963.95,0.0
3487-EARAT,Female,0,Yes,Yes,70,Yes,DSL,Yes,Yes,No,One year,Credit card (automatic),74.1,5222.3,0.0
2672-TGEFF,Female,0,Yes,Yes,37,Yes,Fiber optic,No,No,Yes,Month-to-month,Electronic check,88.8,3340.55,0.0
9231-ZJYAM,Female,1,No,No,4,Yes,Fiber optic,No,No,Yes,Month-to-month,Electronic check,78.85,292.8,1.0
4250-WAROZ,Male,1,Yes,Yes,60,Yes,Fiber optic,Yes,No,No,Month-to-month,Electronic check,93.25,5774.55,0.0
8184-WMOFI,Male,0,Yes,Yes,62,Yes,DSL,Yes,Yes,No,One year,Credit card (automatic),71.4,4487.3,0.0
6982-SSHFK,Male,0,No,No,1,Yes,DSL,No,No,No,Month-to-month,Mailed check,44.4,44.4,1.0
6092-QZVPP,Male,0,No,No,36,Yes,DSL,Yes,Yes,Yes,Month-to-month,Credit card (automatic),79.2,2854.95,0.0
4625-LAMOB,Male,0,No,No,44,Yes,No,No internet service,No internet service,No internet service,Two year,Credit card (automatic),20.4,905.55,0.0
0727-BMPLR,Female,1,No,No,55,Yes,Fiber optic,No,No,Yes,One year,Electronic check,100.0,5509.3,1.0
0392-BZIUW,Female,0,Yes,No,72,Yes,Fiber optic,Yes,No,Yes,Two year,Credit card (automatic),105.0,7589.8,0.0
1038-ZAGBI,Female,0,Yes,Yes,12,Yes,No,No internet service,No internet service,No internet service,One year,Bank transfer (automatic),19.8,229.6,1.0
6549-NNDYT,Female,0,No,No,13,Yes,DSL,Yes,No,No,Month-to-month,Bank transfer (automatic),30.85,394.1,0.0
3027-ZTDHO,Male,0,No,No,1,Yes,Fiber optic,No,No,Yes,Month-to-month,Electronic check,89.9,89.9,1.0
0422-OHQHQ,Female,0,Yes,Yes,15,Yes,No,No internet service,No internet service,No internet service,One year,Mailed check,20.55,295.95,0.0
6916-HIJSE,Female,0,No,No,65,Yes,DSL,Yes,Yes,Yes,Two year,Bank transfer (automatic),84.85,5459.2,0.0
2316-ESMLS,Female,0,Yes,Yes,12,Yes,DSL,Yes,Yes,No,One year,Credit card (automatic),33.15,444.75,0.0
9778-OGKQZ,Male,0,Yes,No,72,Yes,DSL,Yes,Yes,Yes,Two year,Credit card (automatic),92.0,6782.15,0.0
7408-OFWXJ,Female,0,Yes,Yes,72,Yes,DSL,Yes,Yes,Yes,Two year,Credit card (automatic),89.8,6510.45,0.0
6007-TCTST,Female,0,Yes,Yes,72,Yes,Fiber optic,Yes,Yes,Yes,Two year,Bank transfer (automatic),115.8,8476.5,0.0
2252-NKNSI,Male,0,No,Yes,52,Yes,DSL,Yes,Yes,Yes,Two year,Mailed check,85.15,4461.85,0.0
8713-IGZSO,Male,0,No,No,2,Yes,No,No internet service,No internet service,No internet service,Month-to-month,Mailed check,24.85,62.0,0.0
7905-TVXTA,Female,0,No,No,5,Yes,DSL,Yes,Yes,Yes,Month-to-month,Electronic check,64.35,352.65,0.0
7695-PKLCZ,Female,0,No,No,68,Yes,No,No internet service,No internet service,No internet service,Two year,Credit card (automatic),20.5,1424.9,0.0
2382-BCKQJ,Female,0,No,Yes,62,No,Fiber optic,No,No,Yes,One year,Electronic check,100.15,6413.65,1.0
8374-UULRV,Male,0,No,No,72,Yes,DSL,Yes,Yes,Yes,Two year,Credit card (automatic),86.05,6309.65,0.0
2207-NHRJK,Male,0,No,No,1,Yes,DSL,No,No,No,Month-to-month,Electronic check,50.8,50.8,1.0
3224-DFQNQ,Female,0,Yes,No,66,Yes,Fiber optic,Yes,Yes,No,One year,Electronic check,89.0,5898.6,0.0
5275-PMFUT,Male,0,Yes,Yes,72,Yes,DSL,Yes,Yes,Yes,Two year,Credit card (automatic),64.8,4719.75,0.0
4795-UXVCJ,Male,0,No,No,26,Yes,No,No internet service,No internet service,No internet service,One year,Credit card (automatic),19.8,457.3,0.0
9777-IQHWP,Male,0,Yes,Yes,64,Yes,Fiber optic,Yes,No,No,Two year,Bank transfer (automatic),93.4,5822.3,0.0
0947-MUGVO,Male,1,Yes,No,20,Yes,Fiber optic,No,No,No,Month-to-month,Electronic check,73.65,1463.5,1.0
9944-HKVVB,Female,0,No,No,3,Yes,Fiber optic,No,No,Yes,Month-to-month,Electronic check,95.1,307.4,1.0
4124-MMETB,Male,0,No,No,22,Yes,Fiber optic,No,No,Yes,Month-to-month,Credit card (automatic),94.65,2104.55,1.0
3671-SHRSP,Male,0,Yes,No,4,Yes,Fiber optic,No,Yes,No,Month-to-month,Mailed check,80.6,319.15,1.0
0979-MOZQI,Male,0,Yes,No,62,Yes,DSL,No,Yes,Yes,Two year,Bank transfer (automatic),39.0,2337.45,0.0
2732-ISEZX,Female,0,No,No,5,Yes,No,No internet service,No internet service,No internet service,Month-to-month,Mailed check,20.5,104.3,0.0
3313-QKNKB,Male,0,Yes,No,59,Yes,Fiber optic,No,No,No,One year,Electronic check,85.55,5084.65,1.0
0323-XWWTN,Male,0,No,Yes,3,Yes,No,No internet service,No internet service,No internet service,Two year,Mailed check,26.4,121.25,0.0
1937-OTUKY,Female,0,Yes,No,72,Yes,Fiber optic,Yes,Yes,Yes,Two year,Bank transfer (automatic),98.2,7015.9,0.0
1573-LGXBA,Male,0,Yes,Yes,57,Yes,Fiber optic,No,No,Yes,One year,Credit card (automatic),97.55,5598.0,0.0
1764-VUUMT,Male,0,No,Yes,66,Yes,No,No internet service,No internet service,No internet service,Two year,Credit card (automatic),19.95,1269.1,0.0
5073-WXOYN,Female,0,No,No,60,Yes,DSL,No,No,Yes,Month-to-month,Electronic check,50.8,3027.4,1.0
4713-ZBURT,Male,0,No,Yes,45,Yes,Fiber optic,No,No,Yes,Two year,Bank transfer (automatic),99.7,4634.35,0.0
3050-GBUSH,Female,0,No,No,3,Yes,DSL,No,No,Yes,Month-to-month,Credit card (automatic),34.8,113.95,0.0
0207-MDKNV,Female,0,No,No,15,Yes,Fiber optic,Yes,Yes,Yes,Month-to-month,Electronic check,105.1,1582.75,1.0
7876-AEHIG,Female,0,No,Yes,51,Yes,DSL,Yes,Yes,Yes,One year,Bank transfer (automatic),60.15,3077.0,0.0
7945-HLKEA,Female,0,No,No,60,Yes,DSL,Yes,Yes,No,One year,Electronic check,64.75,4039.5,0.0
9342-VNIMQ,Male,0,No,No,33,No,DSL,No,No,No,Month-to-month,Bank transfer (automatic),54.65,1665.2,0.0
9851-KIELU,Male,0,No,No,10,Yes,Fiber optic,Yes,Yes,Yes,Month-to-month,Electronic check,110.1,1043.3,1.0
3523-BRGUW,Male,1,No,No,26,Yes,No,No internet service,No internet service,No internet service,One year,Credit card (automatic),19.3,504.2,0.0
3908-BLSYF,Female,0,No,No,6,Yes,Fiber optic,No,No,No,Month-to-month,Electronic check,83.9,497.55,1.0
3199-NPKCN,Female,0,Yes,No,67,Yes,Fiber optic,Yes,Yes,Yes,One year,Electronic check,111.25,7511.65,0.0
5170-PTRKA,Female,0,Yes,Yes,49,Yes,DSL,Yes,Yes,No,One year,Credit card (automatic),35.8,1782.0,0.0
4661-NJEUX,Male,0,No,No,1,Yes,No,No internet service,No internet service,No internet service,Month-to-month,Mailed check,20.05,20.05,0.0
2123-AGEEN,Female,1,No,No,7,Yes,Fiber optic,No,No,Yes,Month-to-month,Electronic check,84.35,609.65,0.0
1258-YMZNM,Female,1,No,No,27,Yes,Fiber optic,Yes,No,Yes,One year,Bank transfer (automatic),110.5,2857.6,0.0
0048-LUMLS,Male,0,Yes,Yes,37,Yes,Fiber optic,No,No,Yes,One year,Credit card (automatic),91.2,3247.55,0.0
7549-MYGPK,Female,0,Yes,Yes,63,Yes,Fiber optic,Yes,No,Yes,Month-to-month,Electronic check,100.55,6215.35,1.0
5898-IGSLP,Male,0,Yes,Yes,31,Yes,Fiber optic,Yes,Yes,No,Month-to-month,Electronic check,89.3,2823.0,0.0
3804-RVTGV,Male,0,Yes,Yes,50,Yes,Fiber optic,No,No,Yes,Month-to-month,Bank transfer (automatic),103.85,5017.9,1.0
6259-WJQLC,Male,1,No,No,32,Yes,Fiber optic,No,No,No,Month-to-month,Credit card (automatic),81.1,2619.25,0.0
9227-LUNBG,Female,0,No,No,1,Yes,DSL,No,No,No,Month-to-month,Electronic check,24.6,24.6,1.0
7997-EASSD,Female,0,Yes,No,63,Yes,Fiber optic,No,Yes,No,One year,Credit card (automatic),81.2,4965.1,0.0
0730-KOAVE,Male,0,No,No,30,Yes,Fiber optic,Yes,No,No,Month-to-month,Credit card (automatic),94.3,2679.7,0.0
8975-SKGRX,Male,0,Yes,No,71,Yes,Fiber optic,Yes,Yes,Yes,Two year,Bank transfer (automatic),116.1,8310.55,0.0
0678-RLHVP,Female,0,No,No,53,Yes,Fiber optic,No,No,Yes,Two year,Electronic check,105.55,5682.25,0.0
4315-MURBD,Female,0,No,No,12,Yes,Fiber optic,Yes,Yes,Yes,Month-to-month,Bank transfer (automatic),98.9,1120.95,1.0
2267-FPIMA,Male,0,Yes,No,50,Yes,Fiber optic,Yes,No,No,Month-to-month,Credit card (automatic),94.4,4914.9,0.0
1051-GEJLJ,Female,0,No,No,2,Yes,No,No internet service,No internet service,No internet service,Month-to-month,Mailed check,19.5,27.55,0.0
9734-YWGEX,Female,0,No,No,9,Yes,Fiber optic,No,No,Yes,Month-to-month,Credit card (automatic),98.3,923.5,1.0
2719-BDAQO,Male,0,No,No,17,Yes,Fiber optic,Yes,No,Yes,Month-to-month,Electronic check,93.85,1625.65,1.0
5285-MVEHD,Female,0,Yes,No,56,Yes,Fiber optic,Yes,No,Yes,One year,Credit card (automatic),105.6,6068.65,0.0
0379-DJQHR,Male,0,Yes,Yes,67,Yes,DSL,Yes,No,Yes,Two year,Credit card (automatic),81.35,5398.6,0.0
0781-LKXBR,Male,1,No,No,9,Yes,Fiber optic,No,No,Yes,Month-to-month,Electronic check,100.5,918.6,1.0
5543-QDCRY,Male,0,No,No,4,Yes,DSL,No,No,Yes,Month-to-month,Electronic check,56.4,234.85,0.0
0297-RBCSG,Male,0,No,No,19,Yes,DSL,No,Yes,No,One year,Bank transfer (automatic),65.35,1231.85,0.0
4694-PHWFW,Female,0,No,Yes,8,Yes,No,No internet service,No internet service,No internet service,Month-to-month,Mailed check,19.95,170.9,0.0
0835-JKADZ,Female,0,No,No,71,Yes,Fiber optic,No,Yes,Yes,Two year,Electronic check,111.25,7984.15,0.0
1907-UBQFC,Male,1,No,No,10,Yes,Fiber optic,No,No,No,Month-to-month,Electronic check,72.85,688.65,1.0
7508-SMHXL,Female,1,No,No,15,Yes,Fiber optic,No,No,Yes,Month-to-month,Credit card (automatic),89.0,1288.3,0.0
3865-YIOTT,Male,0,Yes,Yes,72,Yes,Fiber optic,Yes,No,Yes,One year,Bank transfer (automatic),106.1,7848.5,0.0
5993-BQHEA,Male,0,No,No,12,Yes,No,No internet service,No internet service,No internet service,One year,Credit card (automatic),20.05,267.0,0.0
6024-RUGGH,Male,0,Yes,Yes,72,Yes,No,No internet service,No internet service,No internet service,Two year,Bank transfer (automatic),25.2,1798.9,0.0
6513-EECDB,Male,1,Yes,No,1,Yes,Fiber optic,No,No,No,Month-to-month,Electronic check,73.55,73.55,1.0
3956-CJUST,Female,1,No,No,23,Yes,Fiber optic,Yes,No,No,Month-to-month,Bank transfer (automatic),75.4,1643.55,0.0
4079-WWQQQ,Male,0,No,No,72,Yes,DSL,Yes,Yes,Yes,Two year,Bank transfer (automatic),65.55,4807.45,0.0
6103-BOCOU,Female,0,No,No,26,Yes,Fiber optic,No,No,No,Month-to-month,Electronic check,80.7,2193.0,0.0
5149-TGWDZ,Female,0,No,No,21,Yes,Fiber optic,No,Yes,Yes,One year,Mailed check,104.55,2239.4,0.0
7471-WNSUF,Male,0,Yes,No,60,Yes,No,No internet service,No internet service,No internet service,One year,Bank transfer (automatic),24.15,1505.9,0.0
8942-DBMHZ,Male,0,No,No,12,Yes,No,No internet service,No internet service,No internet service,Month-to-month,Mailed check,20.45,255.35,0.0
4301-VVZKA,Male,0,Yes,No,16,Yes,Fiber optic,No,No,No,Month-to-month,Electronic check,75.4,1189.4,0.0
9199-PWQVC,Female,0,Yes,No,63,No,DSL,Yes,No,Yes,One year,Credit card (automatic),79.7,4786.15,0.0
4824-GUCBY,Female,1,No,No,22,Yes,Fiber optic,Yes,No,No,Month-to-month,Electronic check,81.7,1820.9,0.0
5393-HJZSM,Female,0,Yes,Yes,32,Yes,DSL,Yes,Yes,No,Month-to-month,Bank transfer (automatic),76.3,2404.15,0.0
7074-IEVOJ,Female,1,No,No,3,Yes,Fiber optic,No,No,No,Month-to-month,Electronic check,79.4,205.05,1.0
9625-QSTYE,Female,0,No,No,13,Yes,Fiber optic,No,No,No,Month-to-month,Electronic check,81.15,952.3,1.0
0862-PRCBS,Female,0,Yes,Yes,68,No,Fiber optic,No,Yes,Yes,Two year,Credit card (automatic),103.75,7039.45,0.0
8812-ZRHFP,Female,0,Yes,Yes,30,Yes,Fiber optic,No,No,No,One year,Electronic check,86.45,2538.05,0.0
5146-CBVOE,Female,0,No,No,16,Yes,Fiber optic,No,No,No,Month-to-month,Bank transfer (automatic),75.1,1212.85,0.0
0454-OKRCT,Male,0,No,No,33,Yes,Fiber optic,No,Yes,No,Two year,Bank transfer (automatic),80.6,2651.1,0.0
5787-KXGIY,Male,0,Yes,No,72,Yes,No,No internet service,No internet service,No internet service,Two year,Credit card (automatic),19.3,1304.8,0.0
4750-ZRXIU,Female,1,No,No,4,Yes,Fiber optic,No,No,No,Month-to-month,Electronic check,84.6,360.1,1.0
4198-VFOEA,Female,0,No,No,12,Yes,DSL,Yes,Yes,No,One year,Mailed check,33.6,435.45,0.0
6630-UJZMY,Female,1,Yes,No,4,Yes,Fiber optic,No,No,Yes,Month-to-month,Electronic check,83.25,308.05,0.0
5709-LVOEQ,Female,0,Yes,Yes,0,Yes,DSL,Yes,No,Yes,Two year,Mailed check,80.85,80.85,0.0
6400-BWQKW,Female,0,No,No,6,Yes,Fiber optic,Yes,No,No,Month-to-month,Electronic check,79.05,434.5,1.0
2692-AQCPF,Female,0,Yes,No,65,Yes,Fiber optic,No,Yes,Yes,One year,Credit card (automatic),108.05,7118.9,0.0
0347-UBKUZ,Female,0,No,No,15,Yes,No,No internet service,No internet service,No internet service,Month-to-month,Mailed check,19.9,320.45,0.0
0835-DUUIQ,Female,0,No,Yes,24,Yes,No,No internet service,No internet service,No internet service,One year,Bank transfer (automatic),21.05,531.55,0.0
0811-GSDTP,Female,0,No,Yes,13,Yes,DSL,No,No,No,Month-to-month,Electronic check,30.15,382.2,0.0
7567-ECMCM,Male,0,No,No,24,Yes,Fiber optic,No,No,No,Month-to-month,Credit card (automatic),79.85,2001.0,0.0
6115-ZTBFQ,Female,0,Yes,No,72,Yes,DSL,Yes,Yes,Yes,Two year,Bank transfer (automatic),65.5,4919.7,0.0
6353-BRMMA,Female,0,Yes,Yes,54,Yes,Fiber optic,Yes,No,Yes,Month-to-month,Bank transfer (automatic),104.1,5645.8,0.0
6680-WKXRZ,Female,0,No,No,3,No,Fiber optic,No,No,No,Month-to-month,Bank transfer (automatic),74.4,215.8,1.0
6231-WFGFH,Male,0,Yes,Yes,4,Yes,No,No internet service,No internet service,No internet service,Month-to-month,Mailed check,20.5,77.6,0.0
9904-EHEVJ,Female,1,Yes,Yes,32,Yes,Fiber optic,No,No,Yes,Month-to-month,Mailed check,91.35,2896.55,0.0
7028-DVOIQ,Male,1,No,No,35,Yes,Fiber optic,No,No,Yes,Month-to-month,Electronic check,99.05,3395.8,1.0
6169-PPETC,Male,0,Yes,Yes,35,Yes,No,No internet service,No internet service,No internet service,Two year,Bank transfer (automatic),20.5,759.35,0.0
4208-UFFGW,Male,1,No,No,2,Yes,DSL,No,No,No,Month-to-month,Mailed check,44.95,85.15,1.0
8584-KMVXD,Female,0,No,No,8,Yes,Fiber optic,No,No,No,Month-to-month,Electronic check,75.6,535.55,0.0
8467-WYNSR,Male,0,No,No,22,Yes,DSL,Yes,Yes,No,Month-to-month,Mailed check,55.1,1253.15,0.0
0851-DFJKB,Female,0,No,No,15,Yes,DSL,Yes,Yes,No,Month-to-month,Electronic check,58.95,955.15,0.0
5382-SOYZL,Male,0,No,No,22,Yes,Fiber optic,No,No,Yes,Month-to-month,Electronic check,95.1,2162.6,0.0
9448-REEVD,Male,0,Yes,No,1,Yes,DSL,No,No,No,Month-to-month,Credit card (automatic),44.7,44.7,1.0
3261-CQXOL,Female,0,Yes,Yes,71,Yes,No,No internet service,No internet service,No internet service,Two year,Bank transfer (automatic),25.45,1813.35,0.0
8388-FYNPZ,Male,0,No,No,4,Yes,DSL,Yes,No,No,Month-to-month,Electronic check,56.75,245.15,0.0
4002-BQWPQ,Male,0,No,No,25,No,DSL,Yes,Yes,No,Month-to-month,Bank transfer (automatic),81.75,2028.8,0.0
5651-YLPRD,Female,0,Yes,Yes,32,Yes,Fiber optic,No,No,Yes,Month-to-month,Electronic check,86.1,2723.75,0.0
2826-DXLQO,Male,1,Yes,No,7,Yes,DSL,Yes,No,No,Month-to-month,Bank transfer (automatic),29.8,220.45,0.0
4378-BZYFP,Male,0,No,No,17,Yes,No,No internet service,No internet service,No internet service,One year,Mailed check,20.5,365.8,0.0
9489-UTFKA,Male,1,Yes,No,8,Yes,DSL,Yes,No,Yes,Month-to-month,Bank transfer (automatic),60.9,551.95,0.0
4849-PYRLQ,Female,1,No,No,56,Yes,DSL,Yes,Yes,No,Two year,Bank transfer (automatic),73.25,4054.2,0.0
9117-SHLZX,Male,0,No,No,1,Yes,DSL,No,No,No,Month-to-month,Mailed check,45.7,45.7,1.0
9889-TMAHG,Male,1,No,No,8,Yes,Fiber optic,Yes,Yes,Yes,Month-to-month,Credit card (automatic),100.3,832.35,1.0
4541-RMRLG,Male,0,No,No,7,Yes,No,No internet service,No internet service,No internet service,Month-to-month,Electronic check,19.25,112.3,1.0
7764-BDPEE,Male,0,No,Yes,3,Yes,No,No internet service,No internet service,No internet service,Month-to-month,Mailed check,20.85,60.65,0.0
3429-IFLEM,Female,0,No,No,71,Yes,DSL,Yes,Yes,Yes,Two year,Credit card (automatic),77.35,5550.1,0.0
3158-MOERK,Female,0,No,No,2,Yes,Fiber optic,No,No,Yes,Month-to-month,Electronic check,96.0,174.8,1.0
7294-TMAOP,Female,0,No,No,1,Yes,Fiber optic,No,No,Yes,Month-to-month,Electronic check,90.55,90.55,1.0
5002-GCQFH,Male,0,Yes,No,49,Yes,Fiber optic,Yes,No,Yes,Month-to-month,Bank transfer (automatic),93.85,4733.1,0.0
0556-FJEGU,Male,0,No,No,58,Yes,DSL,No,Yes,Yes,Two year,Bank transfer (automatic),70.1,4048.95,0.0
8919-FYFQZ,Male,1,Yes,No,44,Yes,DSL,No,No,No,Month-to-month,Electronic check,30.35,1359.7,1.0
0604-THJFP,Female,0,Yes,Yes,59,Yes,DSL,No,Yes,Yes,Two year,Credit card (automatic),75.95,4542.35,0.0
2834-JRTUA,Male,0,No,No,71,Yes,Fiber optic,Yes,Yes,Yes,Two year,Electronic check,108.05,7532.15,1.0
5875-YPQFJ,Male,0,No,No,1,Yes,Fiber optic,No,No,No,Month-to-month,Electronic check,69.9,69.9,1.0
5879-SESNB,Female,0,No,No,11,Yes,Fiber optic,No,No,No,Month-to-month,Electronic check,75.25,888.65,0.0
6646-QVXLR,Male,1,Yes,No,62,Yes,Fiber optic,No,No,Yes,One year,Electronic check,103.75,6383.35,1.0
6461-PPAXN,Female,0,Yes,Yes,35,Yes,DSL,Yes,Yes,No,One year,Bank transfer (automatic),54.95,1916.0,0.0
3318-ISQFQ,Female,0,No,No,20,Yes,No,No internet service,No internet service,No internet service,Month-to-month,Bank transfer (automatic),19.5,413.0,0.0
1106-HRLKZ,Male,0,Yes,Yes,40,Yes,No,No internet service,No internet service,No internet service,Two year,Mailed check,19.6,808.95,0.0
2483-XSSMZ,Female,0,No,No,39,Yes,DSL,Yes,No,No,One year,Electronic check,47.85,1886.4,0.0
8603-IJWDN,Male,0,No,No,1,Yes,Fiber optic,No,No,No,Month-to-month,Electronic check,86.6,86.6,1.0
8165-ZJRNM,Female,0,Yes,Yes,72,Yes,No,No internet service,No internet service,No internet service,Two year,Bank transfer (automatic),23.75,1679.25,0.0
9369-XFEHK,Female,1,Yes,No,33,No,Fiber optic,No,No,No,Month-to-month,Bank transfer (automatic),80.6,2656.5,1.0
2604-XVDAM,Female,0,No,No,12,Yes,DSL,No,No,No,Month-to-month,Bank transfer (automatic),43.8,540.95,0.0
3717-OFRTN,Male,0,No,No,1,Yes,No,No internet service,No internet service,No internet service,Month-to-month,Bank transfer (automatic),19.75,19.75,0.0
9046-JBFWA,Male,0,No,Yes,27,Yes,No,No internet service,No internet service,No internet service,Month-to-month,Mailed check,19.15,537.35,0.0
3280-NMUVX,Male,0,Yes,Yes,34,Yes,No,No internet service,No internet service,No internet service,One year,Credit card (automatic),19.6,678.8,0.0
1206-EHBDD,Female,0,Yes,No,56,Yes,Fiber optic,Yes,No,No,Two year,Bank transfer (automatic),80.3,4513.65,0.0
8361-LBRDI,Female,0,No,No,58,Yes,No,No internet service,No internet service,No internet service,Two year,Credit card (automatic),24.35,1423.85,0.0
4883-KCPZJ,Female,0,Yes,Yes,22,Yes,No,No internet service,No internet service,No internet service,Two year,Credit card (automatic),25.25,555.4,0.0
9108-EQPNQ,Female,0,Yes,Yes,10,No,No,No internet service,No internet service,No internet service,Two year,Credit card (automatic),26.1,225.55,0.0
7277-KAMWT,Male,0,No,No,13,Yes,No,No internet service,No internet service,No internet service,Two year,Credit card (automatic),20.0,268.45,0.0
3842-IYKUE,Female,0,No,No,35,Yes,Fiber optic,No,Yes,No,Month-to-month,Credit card (automatic),85.3,2917.5,1.0
6641-XRPSU,Female,0,No,No,34,Yes,Fiber optic,No,No,No,Month-to-month,Credit card (automatic),70.0,2416.1,1.0
1374-DMZUI,Female,1,No,No,4,Yes,Fiber optic,No,No,Yes,Month-to-month,Electronic check,94.3,424.45,1.0
2545-LXYVJ,Male,0,Yes,No,72,No,No,No internet service,No internet service,No internet service,Two year,Bank transfer (automatic),20.7,1492.1,0.0
3234-VKACU,Male,0,No,No,2,Yes,DSL,No,Yes,Yes,Month-to-month,Electronic check,70.3,132.4,0.0
8357-EQXFO,Female,0,No,No,7,Yes,Fiber optic,No,No,Yes,Month-to-month,Electronic check,95.35,660.9,1.0
1989-PRJHP,Male,1,Yes,No,27,No,Fiber optic,No,No,No,Month-to-month,Electronic check,75.5,1893.95,1.0
8120-JDCAM,Male,0,Yes,Yes,4,Yes,Fiber optic,No,No,No,Month-to-month,Mailed check,69.55,284.9,0.0
8917-FAEMR,Female,0,No,No,37,Yes,No,No internet service,No internet service,No internet service,Two year,Mailed check,19.85,784.25,0.0
7047-YXDMZ,Male,0,No,No,21,Yes,No,No internet service,No internet service,No internet service,Month-to-month,Mailed check,20.0,417.7,0.0
2858-EIMXH,Female,1,Yes,No,53,Yes,Fiber optic,No,No,Yes,One year,Credit card (automatic),95.85,5016.25,0.0
9524-EGPJC,Female,0,No,No,18,Yes,Fiber optic,No,Yes,No,Month-to-month,Electronic check,90.1,1612.75,1.0
6993-OHLXR,Female,0,No,No,2,Yes,Fiber optic,No,No,No,Month-to-month,Electronic check,68.95,119.75,1.0
8818-XYFCQ,Male,0,Yes,Yes,32,Yes,Fiber optic,Yes,No,Yes,Month-to-month,Credit card (automatic),99.55,3204.65,1.0
6419-ZTTLE,Male,1,Yes,No,23,Yes,No,No internet service,No internet service,No internet service,One year,Electronic check,20.75,485.2,0.0
0929-HYQEW,Male,0,No,No,3,Yes,DSL,Yes,No,No,Month-to-month,Mailed check,50.15,160.85,0.0
6614-YOLAC,Female,0,Yes,Yes,71,No,DSL,Yes,Yes,Yes,Two year,Mailed check,58.65,4145.25,0.0
7426-RHZGU,Male,0,No,No,9,Yes,Fiber optic,No,Yes,Yes,Month-to-month,Bank transfer (automatic),95.9,827.45,0.0
4065-JJAVA,Female,0,No,No,1,Yes,DSL,No,No,No,Month-to-month,Electronic check,49.5,49.5,0.0
4695-VADHF,Male,0,Yes,Yes,18,No,DSL,No,No,No,Month-to-month,Electronic check,57.45,990.85,1.0
3863-IUBJR,Male,0,Yes,Yes,12,Yes,DSL,No,No,No,One year,Credit card (automatic),53.65,696.35,1.0
7649-SIJJF,Male,0,Yes,No,71,Yes,DSL,Yes,Yes,No,Two year,Mailed check,80.1,5585.4,0.0
9361-YNQWJ,Female,0,No,No,64,Yes,No,No internet service,No internet service,No internet service,One year,Bank transfer (automatic),24.4,1601.2,0.0
3748-FVMZZ,Male,0,No,No,4,Yes,DSL,No,Yes,No,Month-to-month,Electronic check,40.05,162.45,0.0
9391-TTOYH,Female,0,No,No,23,Yes,No,No internet service,No internet service,No internet service,Month-to-month,Mailed check,19.5,470.2,0.0
1452-XRSJV,Female,0,Yes,Yes,39,Yes,DSL,Yes,No,No,Month-to-month,Credit card (automatic),51.05,2066.0,0.0
3422-WJOYD,Male,0,Yes,No,28,Yes,DSL,Yes,Yes,No,One year,Mailed check,54.35,1426.45,0.0
8242-SOQUO,Female,1,No,No,5,Yes,Fiber optic,No,No,Yes,Month-to-month,Electronic check,84.7,392.5,0.0
7460-ITWWP,Female,1,Yes,No,45,Yes,Fiber optic,No,No,No,Month-to-month,Electronic check,86.1,3861.45,0.0
7147-AYBAA,Male,0,No,No,37,Yes,Fiber optic,No,No,No,Month-to-month,Mailed check,70.35,2552.9,0.0
7868-TMWMZ,Female,1,Yes,No,60,Yes,Fiber optic,Yes,Yes,Yes,Two year,Bank transfer (automatic),110.0,6668.35,0.0
4822-RVYBB,Male,1,No,No,8,No,Fiber optic,No,No,Yes,Month-to-month,Electronic check,100.6,819.4,1.0
6732-FZUGP,Female,0,No,No,47,Yes,Fiber optic,Yes,No,Yes,One year,Credit card (automatic),94.9,4615.25,0.0
8436-BJUMM,Male,0,Yes,Yes,26,Yes,Fiber optic,No,No,Yes,Month-to-month,Electronic check,83.75,2070.6,1.0
4184-TJFAN,Female,1,Yes,Yes,3,No,Fiber optic,Yes,Yes,Yes,Month-to-month,Mailed check,88.3,273.75,1.0
8329-GWVPJ,Female,0,Yes,Yes,50,Yes,Fiber optic,No,No,No,Month-to-month,Bank transfer (automatic),69.75,3557.7,0.0
1352-VHKAJ,Male,0,Yes,Yes,27,Yes,DSL,No,Yes,Yes,Month-to-month,Bank transfer (automatic),71.6,1957.1,0.0
4145-UQXUQ,Female,1,No,No,8,Yes,Fiber optic,No,No,Yes,Month-to-month,Electronic check,92.1,729.95,1.0
2632-TACXW,Female,0,Yes,No,62,No,No,No internet service,No internet service,No internet service,Two year,Bank transfer (automatic),23.65,1416.75,0.0
8146-QQKZH,Female,0,Yes,No,71,Yes,DSL,Yes,Yes,Yes,Two year,Bank transfer (automatic),81.85,5924.4,0.0
1767-CJKBA,Male,0,No,No,66,Yes,No,No internet service,No internet service,No internet service,Two year,Mailed check,25.1,1697.7,0.0
6445-TNRXS,Male,0,Yes,Yes,68,Yes,Fiber optic,Yes,Yes,Yes,Two year,Bank transfer (automatic),114.7,7849.85,0.0
4581-LNWUM,Female,0,No,No,13,Yes,DSL,No,No,Yes,Month-to-month,Electronic check,49.15,649.4,0.0
4869-EPIUS,Male,0,Yes,No,56,Yes,Fiber optic,No,No,No,One year,Electronic check,80.9,4557.5,0.0
9948-YPTDG,Male,0,Yes,No,38,Yes,Fiber optic,Yes,No,No,Month-to-month,Electronic check,79.45,3013.05,1.0
1236-WFCDV,Male,1,No,No,14,Yes,Fiber optic,No,No,Yes,Month-to-month,Credit card (automatic),90.45,1266.1,1.0
1915-OAKWD,Female,0,No,Yes,16,No,No,No internet service,No internet service,No internet service,One year,Bank transfer (automatic),19.3,360.35,0.0
7296-PIXQY,Female,0,Yes,Yes,14,Yes,Fiber optic,No,No,No,Month-to-month,Electronic check,70.2,1046.5,0.0
4883-QICIH,Male,0,Yes,Yes,32,No,Fiber optic,No,No,No,Month-to-month,Bank transfer (automatic),69.75,2347.9,1.0
3354-OADJP,Female,0,No,No,8,Yes,DSL,Yes,Yes,No,One year,Bank transfer (automatic),54.25,447.75,0.0
3524-WQDSG,Female,0,Yes,Yes,43,Yes,Fiber optic,No,No,Yes,Month-to-month,Bank transfer (automatic),99.3,4209.95,0.0
0810-DHDBD,Female,0,No,No,52,Yes,DSL,Yes,Yes,Yes,One year,Credit card (automatic),74.0,3877.65,0.0
4026-SKKHW,Male,0,No,No,3,Yes,DSL,No,Yes,No,Month-to-month,Mailed check,50.25,152.3,0.0
2829-HYVZP,Male,0,No,No,29,Yes,No,No internet service,No internet service,No internet service,One year,Mailed check,19.8,572.2,0.0
8329-IBCTI,Female,0,No,No,1,Yes,No,No internet service,No internet service,No internet service,Month-to-month,Mailed check,19.65,19.65,1.0
1271-SJBGZ,Male,1,No,No,12,Yes,DSL,No,Yes,No,Month-to-month,Electronic check,43.65,526.95,1.0
3845-JHAMY,Female,0,Yes,Yes,16,Yes,DSL,No,No,No,Month-to-month,Credit card (automatic),35.5,552.7,0.0
7013-PSXHK,Female,0,No,No,40,Yes,DSL,No,Yes,Yes,One year,Mailed check,80.75,3208.65,0.0
5669-SRAIP,Female,0,No,No,5,Yes,DSL,No,No,No,Month-to-month,Electronic check,39.5,210.75,1.0
5981-ITEMU,Male,0,Yes,No,40,Yes,Fiber optic,No,No,Yes,Month-to-month,Bank transfer (automatic),97.1,3706.95,1.0
3486-NPGST,Female,0,No,No,36,Yes,No,No internet service,No internet service,No internet service,One year,Mailed check,19.55,620.75,0.0
6941-PMGEP,Female,0,No,No,5,Yes,Fiber optic,No,No,No,Month-to-month,Electronic check,80.0,412.5,1.0
1624-WOIWJ,Female,0,No,No,10,Yes,Fiber optic,Yes,No,Yes,Month-to-month,Mailed check,84.7,832.05,1.0
2074-GKOWZ,Male,0,Yes,Yes,2,Yes,Fiber optic,No,No,Yes,Month-to-month,Bank transfer (automatic),89.55,185.55,1.0
0376-YMCJC,Male,0,No,No,23,Yes,Fiber optic,No,Yes,Yes,Month-to-month,Electronic check,90.6,1943.2,1.0
6100-FJZDG,Male,0,Yes,Yes,26,Yes,No,No internet service,No internet service,No internet service,One year,Bank transfer (automatic),20.05,505.9,0.0
4829-ZLJTK,Female,1,Yes,No,72,Yes,Fiber optic,Yes,No,Yes,Two year,Electronic check,112.4,8046.85,0.0
1730-VFMWO,Female,0,Yes,No,34,No,DSL,No,Yes,No,Month-to-month,Bank transfer (automatic),50.2,1815.3,0.0
7143-BQIBA,Male,0,No,No,10,Yes,DSL,Yes,Yes,Yes,Month-to-month,Bank transfer (automatic),62.25,612.95,0.0
3800-LYTRK,Female,0,No,No,14,Yes,DSL,Yes,Yes,No,One year,Mailed check,55.7,795.15,0.0
0634-SZPQA,Female,0,No,No,23,Yes,Fiber optic,Yes,No,Yes,Month-to-month,Bank transfer (automatic),90.05,2169.8,1.0
9646-NMHXE,Male,0,Yes,No,47,Yes,No,No internet service,No internet service,No internet service,Two year,Mailed check,19.65,973.1,0.0
7030-NJVDP,Male,0,Yes,No,24,Yes,Fiber optic,Yes,Yes,No,Month-to-month,Electronic check,89.25,2210.2,0.0
5536-RTPWK,Male,0,Yes,No,49,Yes,Fiber optic,No,No,Yes,Month-to-month,Bank transfer (automatic),99.05,4853.75,1.0
8883-GRDWQ,Male,1,No,No,20,Yes,DSL,Yes,Yes,No,One year,Mailed check,54.0,1055.9,0.0
6166-ILMNY,Female,0,No,No,2,No,Fiber optic,No,No,No,Month-to-month,Bank transfer (automatic),69.75,144.55,1.0
3097-NNSPB,Female,0,No,No,2,Yes,DSL,No,No,No,Month-to-month,Credit card (automatic),49.05,91.1,1.0
7771-ZONAT,Male,0,No,No,22,Yes,DSL,No,Yes,Yes,Two year,Bank transfer (automatic),56.75,1304.85,0.0
0655-RBDUG,Male,0,No,No,7,Yes,Fiber optic,No,No,Yes,Month-to-month,Bank transfer (automatic),98.05,713.0,1.0
2111-DWYHN,Male,0,No,No,1,Yes,No,No internet service,No internet service,No internet service,Month-to-month,Mailed check,21.1,21.1,0.0
4194-WHFCB,Female,0,Yes,Yes,59,Yes,Fiber optic,No,Yes,No,Month-to-month,Bank transfer (automatic),96.65,5580.8,0.0
4121-AGSIN,Female,0,Yes,Yes,58,Yes,No,No internet service,No internet service,No internet service,One year,Credit card (automatic),24.5,1497.9,0.0
4361-BKAXE,Female,0,No,No,41,Yes,Fiber optic,Yes,Yes,Yes,Month-to-month,Bank transfer (automatic),114.5,4527.45,1.0
9845-PEEKO,Female,1,No,No,59,Yes,Fiber optic,No,No,No,Two year,Credit card (automatic),79.2,4590.35,0.0
0455-XFASS,Female,0,Yes,Yes,3,Yes,Fiber optic,No,No,No,Month-to-month,Electronic check,69.55,200.2,0.0
0301-KOBTQ,Male,0,No,No,32,Yes,No,No internet service,No internet service,No internet service,Two year,Bank transfer (automatic),20.05,614.45,0.0
1751-NCDLI,Male,1,Yes,No,46,Yes,Fiber optic,No,No,Yes,Month-to-month,Electronic check,98.85,4564.9,0.0
4367-NUYAO,Male,0,Yes,Yes,0,Yes,No,No internet service,No internet service,No internet service,Two year,Mailed check,25.75,25.75,0.0
9878-TNQGW,Male,0,No,No,2,Yes,Fiber optic,No,No,No,Month-to-month,Electronic check,80.95,171.15,1.0
9170-ARBTB,Female,0,Yes,Yes,52,Yes,No,No internet service,No internet service,No internet service,One year,Credit card (automatic),19.6,1012.4,0.0
4441-NIHPT,Female,1,No,No,13,Yes,Fiber optic,No,No,No,Month-to-month,Electronic check,74.3,940.35,1.0
8999-BOHSE,Female,1,No,No,11,Yes,Fiber optic,No,No,Yes,Month-to-month,Bank transfer (automatic),89.7,1047.7,1.0
7241-AJHFS,Male,0,No,No,32,Yes,Fiber optic,Yes,Yes,No,Month-to-month,Bank transfer (automatic),87.65,2766.4,0.0
7029-RPUAV,Male,1,Yes,No,17,Yes,Fiber optic,No,No,Yes,Month-to-month,Credit card (automatic),100.45,1622.45,1.0
4546-FOKWR,Female,0,No,No,16,Yes,Fiber optic,No,No,No,Month-to-month,Credit card (automatic),74.75,1129.35,0.0
9036-CSKBW,Female,0,No,No,51,Yes,Fiber optic,Yes,No,Yes,One year,Bank transfer (automatic),107.45,5680.9,0.0
5832-TRLPB,Male,0,No,No,29,Yes,DSL,No,Yes,Yes,One year,Bank transfer (automatic),75.35,2243.9,0.0
8590-YFFQO,Male,0,Yes,No,70,Yes,DSL,Yes,Yes,No,Two year,Credit card (automatic),64.95,4523.25,0.0
8659-IOOPU,Female,0,Yes,Yes,71,Yes,Fiber optic,Yes,Yes,No,Two year,Electronic check,100.45,7159.7,0.0
1338-CECEE,Male,0,Yes,Yes,41,Yes,DSL,No,No,Yes,One year,Bank transfer (automatic),68.5,2839.95,0.0
7439-DKZTW,Male,0,No,No,1,Yes,Fiber optic,No,No,Yes,Month-to-month,Electronic check,80.55,80.55,0.0
4646-QZXTF,Female,0,Yes,No,7,No,DSL,Yes,Yes,Yes,Month-to-month,Bank transfer (automatic),81.25,580.1,0.0
4607-CHPCA,Male,0,Yes,Yes,25,Yes,Fiber optic,No,No,Yes,One year,Electronic check,90.4,2178.6,1.0
9742-XOKTS,Male,0,Yes,Yes,67,No,Fiber optic,Yes,Yes,No,One year,Electronic check,89.55,6038.55,0.0
6921-OZMFH,Male,0,Yes,Yes,5,Yes,DSL,No,Yes,No,Month-to-month,Mailed check,55.7,259.4,0.0
9578-FOMUK,Male,0,No,Yes,15,Yes,No,No internet service,No internet service,No internet service,Month-to-month,Electronic check,24.8,324.15,0.0
4712-UYOOI,Female,0,Yes,Yes,20,Yes,No,No internet service,No internet service,No internet service,Month-to-month,Electronic check,20.0,417.65,0.0
8824-RWFXJ,Male,0,Yes,Yes,3,No,DSL,No,No,No,Month-to-month,Mailed check,56.15,168.15,1.0
7722-CVFXN,Male,0,Yes,Yes,54,Yes,Fiber optic,No,Yes,Yes,One year,Electronic check,105.2,5637.85,0.0
8717-VCTXJ,Male,0,No,No,42,Yes,No,No internet service,No internet service,No internet service,One year,Mailed check,19.55,839.4,0.0
7363-QTBIW,Female,0,Yes,No,9,Yes,Fiber optic,No,No,No,Month-to-month,Electronic check,79.75,769.1,0.0
4159-NAAIX,Female,0,No,No,63,Yes,Fiber optic,No,No,Yes,Two year,Bank transfer (automatic),97.45,6253.0,0.0
0971-QIFJK,Female,0,Yes,No,69,Yes,No,No internet service,No internet service,No internet service,Two year,Bank transfer (automatic),24.25,1641.8,0.0
9397-TZSHA,Female,0,No,No,69,No,No,No internet service,No internet service,No internet service,Two year,Credit card (automatic),24.6,1678.05,0.0
3391-JSQEW,Male,0,Yes,No,40,Yes,DSL,No,No,No,Month-to-month,Mailed check,50.15,2058.5,0.0
0343-QLUZP,Male,0,No,No,60,Yes,DSL,Yes,No,No,Two year,Bank transfer (automatic),39.6,2424.5,0.0
9763-PDTKK,Female,0,No,No,4,Yes,Fiber optic,Yes,Yes,No,Month-to-month,Bank transfer (automatic),94.4,387.2,1.0
2176-LVPNX,Female,1,No,No,71,Yes,DSL,Yes,Yes,Yes,Two year,Mailed check,89.85,6293.45,0.0
7627-JKIAZ,Female,0,Yes,No,37,Yes,Fiber optic,No,No,No,Month-to-month,Credit card (automatic),78.95,2839.65,1.0
3312-UUMZW,Male,0,Yes,No,32,Yes,Fiber optic,No,No,Yes,Month-to-month,Credit card (automatic),98.85,3145.9,0.0
1271-UODNO,Male,0,No,No,39,No,DSL,No,Yes,No,Two year,Credit card (automatic),53.85,2200.7,0.0
8461-EFQYM,Female,0,No,No,38,Yes,No,No internet service,No internet service,No internet service,One year,Electronic check,24.25,914.4,0.0
6900-RBKER,Male,0,No,No,52,Yes,Fiber optic,No,No,No,Two year,Credit card (automatic),89.45,4577.75,0.0
6891-JPYFF,Female,0,Yes,Yes,48,Yes,Fiber optic,Yes,No,Yes,Month-to-month,Credit card (automatic),105.25,4997.5,0.0
1459-QNFQT,Male,0,Yes,Yes,70,Yes,DSL,Yes,Yes,Yes,Two year,Bank transfer (automatic),59.5,4144.8,0.0
1047-NNCBF,Male,0,No,No,20,Yes,Fiber optic,No,No,No,Month-to-month,Credit card (automatic),70.55,1493.55,0.0
3696-XRIEN,Female,0,No,No,50,Yes,DSL,Yes,Yes,Yes,One year,Credit card (automatic),82.5,4179.1,0.0
4081-DYXAV,Female,0,No,No,19,Yes,DSL,No,No,Yes,One year,Credit card (automatic),44.85,893.55,1.0
0074-HDKDG,Male,0,Yes,Yes,25,Yes,DSL,Yes,No,No,One year,Bank transfer (automatic),61.6,1611.0,0.0
8791-GFXLZ,Male,0,No,No,12,No,DSL,No,No,No,Month-to-month,Bank transfer (automatic),49.05,593.05,0.0
8111-SLLHI,Male,1,Yes,No,39,No,Fiber optic,No,No,Yes,Month-to-month,Electronic check,105.65,4284.8,1.0
0927-LCSMG,Male,0,No,No,7,No,Fiber optic,No,No,No,Month-to-month,Mailed check,74.65,544.55,1.0
9330-DHBFL,Female,0,Yes,Yes,23,Yes,DSL,Yes,Yes,No,One year,Mailed check,66.25,1533.8,0.0
0098-BOWSO,Male,0,No,No,27,Yes,No,No internet service,No internet service,No internet service,Month-to-month,Electronic check,19.4,529.8,0.0
3452-ABWRL,Male,1,No,No,47,Yes,Fiber optic,No,No,Yes,Month-to-month,Credit card (automatic),86.05,3865.6,0.0
5859-HZYLF,Male,0,Yes,Yes,26,Yes,No,No internet service,No internet service,No internet service,Two year,Credit card (automatic),19.15,515.75,0.0
8257-RZAHR,Female,0,Yes,No,14,Yes,DSL,Yes,No,Yes,Month-to-month,Bank transfer (automatic),64.7,941.0,1.0
5293-WXJAK,Female,1,Yes,No,11,No,Fiber optic,No,Yes,Yes,Month-to-month,Bank transfer (automatic),104.05,1133.65,1.0
3156-QLHBO,Male,0,No,Yes,2,Yes,No,No internet service,No internet service,No internet service,Month-to-month,Mailed check,19.25,48.35,0.0
2208-NQBCT,Female,0,Yes,Yes,26,Yes,Fiber optic,Yes,No,No,Month-to-month,Electronic check,81.95,2070.05,0.0
1779-PWPMG,Female,1,Yes,No,72,Yes,Fiber optic,Yes,Yes,Yes,Two year,Bank transfer (automatic),114.65,8333.95,0.0
6621-NRZAK,Female,0,Yes,Yes,63,Yes,No,No internet service,No internet service,No internet service,Two year,Credit card (automatic),20.0,1209.25,0.0
0831-JNISG,Male,0,Yes,Yes,71,No,No,No internet service,No internet service,No internet service,Two year,Mailed check,19.8,1396.25,0.0
0774-IFUVM,Male,0,Yes,Yes,11,Yes,DSL,Yes,No,Yes,Month-to-month,Bank transfer (automatic),65.15,723.35,0.0
3082-WQRVY,Male,1,Yes,No,14,Yes,No,No internet service,No internet service,No internet service,One year,Mailed check,19.65,228.65,0.0
9553-DLCLU,Female,0,No,Yes,13,Yes,DSL,Yes,Yes,Yes,Two year,Credit card (automatic),88.95,1161.75,0.0
1641-BYBTK,Male,0,No,Yes,6,Yes,No,No internet service,No internet service,No internet service,Month-to-month,Mailed check,20.2,98.35,0.0
2460-NGXBJ,Male,1,Yes,Yes,11,Yes,Fiber optic,No,No,No,Month-to-month,Credit card (automatic),75.2,775.3,0.0
2446-ZKVAF,Male,0,Yes,No,18,Yes,DSL,No,No,No,Month-to-month,Credit card (automatic),56.8,1074.65,0.0
0841-NULXI,Male,0,No,No,1,Yes,DSL,No,No,No,Month-to-month,Electronic check,35.55,35.55,1.0
3522-CDKHF,Female,0,Yes,No,32,No,Fiber optic,Yes,No,No,Month-to-month,Bank transfer (automatic),75.5,2324.7,0.0
1430-SFQSA,Male,0,No,No,29,Yes,DSL,Yes,Yes,No,One year,Mailed check,35.6,1072.6,0.0
0411-EZJZE,Female,0,No,No,3,No,DSL,No,No,Yes,Month-to-month,Electronic check,60.25,170.5,0.0
7851-WZEKY,Female,0,No,No,2,Yes,Fiber optic,No,No,Yes,Month-to-month,Electronic check,95.15,196.9,1.0
8844-TONUD,Male,0,Yes,Yes,13,Yes,Fiber optic,No,No,Yes,Month-to-month,Mailed check,96.65,1162.85,1.0
8807-ARQET,Female,0,No,No,41,Yes,DSL,No,No,No,Month-to-month,Electronic check,40.35,1677.85,0.0
8992-CEUEN,Female,0,No,No,1,Yes,No,No internet service,No internet service,No internet service,Month-to-month,Electronic check,18.85,18.85,0.0
4320-QMLLA,Male,0,No,No,7,Yes,DSL,No,No,Yes,Month-to-month,Mailed check,54.85,370.4,0.0
8777-PVYGU,Female,0,Yes,No,52,Yes,DSL,Yes,No,Yes,One year,Mailed check,64.3,3410.6,0.0
8292-ITGYJ,Female,0,Yes,Yes,45,Yes,No,No internet service,No internet service,No internet service,Two year,Bank transfer (automatic),24.65,1138.8,0.0
6870-ZWMNX,Male,0,Yes,No,70,Yes,DSL,No,Yes,Yes,Two year,Credit card (automatic),76.1,5264.25,0.0
0621-CXBKL,Female,0,No,No,53,Yes,No,No internet service,No internet service,No internet service,Two year,Mailed check,18.7,1005.7,0.0
5268-DSMNQ,Female,1,Yes,No,62,Yes,Fiber optic,No,No,Yes,One year,Credit card (automatic),97.95,5936.55,0.0
5334-JLAXU,Female,0,Yes,No,60,Yes,Fiber optic,Yes,No,No,Month-to-month,Credit card (automatic),94.1,5475.9,0.0
4086-YQSNZ,Female,1,Yes,No,3,Yes,Fiber optic,No,No,Yes,Month-to-month,Electronic check,80.4,224.05,1.0
6242-MBHPK,Female,1,Yes,No,23,Yes,Fiber optic,Yes,No,Yes,Month-to-month,Electronic check,95.1,2326.05,0.0
5868-CZJDR,Male,0,No,Yes,1,Yes,DSL,No,No,No,Month-to-month,Mailed check,31.35,31.35,1.0
9359-UGBTK,Female,0,No,No,67,Yes,DSL,Yes,Yes,No,One year,Bank transfer (automatic),72.35,4991.5,0.0
0135-NMXAP,Female,0,No,No,12,Yes,Fiber optic,No,No,Yes,Month-to-month,Bank transfer (automatic),89.75,1052.4,1.0
4782-OSFXZ,Female,1,Yes,No,71,Yes,DSL,Yes,Yes,No,Two year,Bank transfer (automatic),82.7,5831.2,0.0
6479-OAUSD,Male,0,No,No,25,Yes,No,No internet service,No internet service,No internet service,One year,Credit card (automatic),19.9,510.8,0.0
7129-ACFOG,Female,0,No,No,5,Yes,DSL,Yes,No,No,Month-to-month,Electronic check,53.8,283.95,0.0
4189-NAKJS,Male,0,No,No,26,Yes,DSL,No,No,No,One year,Credit card (automatic),51.55,1295.4,0.0
5562-BETPV,Male,0,Yes,Yes,1,Yes,No,No internet service,No internet service,No internet service,One year,Mailed check,19.65,19.65,0.0
1282-IHQAC,Male,1,No,No,70,No,DSL,No,No,Yes,One year,Credit card (automatic),44.05,3011.65,0.0
9127-FHJBZ,Male,0,Yes,Yes,72,Yes,Fiber optic,Yes,Yes,Yes,Two year,Electronic check,114.0,8093.15,0.0
6270-OMFIW,Male,0,Yes,No,60,No,Fiber optic,No,No,Yes,One year,Electronic check,94.4,5610.25,1.0
1641-RQDAY,Female,1,Yes,Yes,32,Yes,Fiber optic,No,No,Yes,Month-to-month,Electronic check,100.4,3217.65,0.0
0107-WESLM,Male,0,No,No,1,Yes,No,No internet service,No internet service,No internet service,Month-to-month,Electronic check,19.85,19.85,1.0
6994-ORCWG,Female,0,No,No,14,Yes,DSL,No,No,No,One year,Mailed check,54.25,773.2,0.0
1346-UFHAX,Female,0,No,No,13,Yes,Fiber optic,Yes,No,No,Month-to-month,Credit card (automatic),80.0,1029.35,0.0
3992-YWPKO,Female,0,No,No,6,Yes,Fiber optic,No,Yes,Yes,Month-to-month,Credit card (automatic),109.9,669.45,1.0
2933-XEUJM,Female,0,No,No,46,Yes,DSL,Yes,No,Yes,Two year,Mailed check,79.2,3593.8,0.0
0125-LZQXK,Male,0,No,No,15,Yes,Fiber optic,No,Yes,Yes,Month-to-month,Electronic check,101.35,1553.95,1.0
5461-QKNTN,Male,1,Yes,No,43,No,Fiber optic,No,Yes,Yes,Month-to-month,Electronic check,94.3,3953.15,0.0
4835-YSJMR,Male,0,No,No,39,Yes,DSL,No,Yes,No,Two year,Bank transfer (automatic),49.8,1971.15,0.0
8399-YNDCH,Male,1,No,No,21,Yes,DSL,No,No,Yes,Month-to-month,Bank transfer (automatic),60.05,1236.15,1.0
3164-YAXFY,Male,0,No,No,57,Yes,DSL,Yes,No,Yes,Month-to-month,Electronic check,53.75,3196.0,0.0
0887-WBJVH,Female,0,Yes,No,53,Yes,Fiber optic,No,Yes,Yes,One year,Electronic check,93.45,4872.2,0.0
4660-IRIBM,Male,0,Yes,Yes,18,Yes,Fiber optic,Yes,No,Yes,Month-to-month,Mailed check,87.9,1500.5,0.0
5673-FSSMF,Female,0,No,No,1,No,DSL,No,No,No,Month-to-month,Electronic check,60.15,60.15,1.0
7670-ZBPOQ,Female,0,Yes,No,58,Yes,DSL,Yes,Yes,No,One year,Bank transfer (automatic),61.05,3478.75,0.0
8089-UZWLX,Female,1,No,No,71,Yes,Fiber optic,No,No,Yes,Two year,Bank transfer (automatic),104.05,7413.55,0.0
0080-OROZO,Female,0,No,No,35,Yes,Fiber optic,No,Yes,Yes,One year,Electronic check,99.25,3532.0,0.0
3916-NRPAP,Male,0,No,No,3,Yes,Fiber optic,No,No,No,Month-to-month,Credit card (automatic),85.7,256.75,0.0
6807-SIWJI,Male,0,No,No,38,Yes,Fiber optic,Yes,No,Yes,One year,Electronic check,104.85,3887.25,0.0
8221-HVAYI,Male,0,Yes,Yes,35,Yes,DSL,Yes,Yes,No,Two year,Credit card (automatic),69.15,2490.15,0.0
1579-KLYDT,Male,0,No,No,7,Yes,Fiber optic,No,No,Yes,Month-to-month,Electronic check,90.45,593.45,1.0
5232-NXPAY,Female,0,No,No,47,Yes,DSL,No,Yes,Yes,Two year,Mailed check,74.45,3510.3,0.0
8967-SZQAS,Female,0,No,No,14,Yes,DSL,No,No,No,Month-to-month,Electronic check,50.45,765.45,0.0
4468-KAZHE,Female,1,Yes,No,20,Yes,DSL,No,No,No,Month-to-month,Electronic check,60.0,1259.35,0.0
0455-ENTCR,Male,0,Yes,No,66,No,DSL,Yes,Yes,Yes,Two year,Electronic check,85.25,5538.35,0.0
8944-AILEF,Male,0,Yes,No,15,Yes,No,No internet service,No internet service,No internet service,Month-to-month,Credit card (automatic),19.45,340.85,0.0
5542-NKVRU,Female,0,No,No,42,Yes,No,No internet service,No internet service,No internet service,Two year,Bank transfer (automatic),20.75,844.45,0.0
7126-RBHSD,Female,0,Yes,No,17,Yes,Fiber optic,Yes,No,No,Month-to-month,Electronic check,78.9,1348.95,0.0
5370-IIVVL,Male,0,No,No,37,Yes,Fiber optic,No,Yes,Yes,One year,Credit card (automatic),104.5,3778.0,0.0
6789-HJBWG,Female,0,No,No,12,Yes,DSL,No,No,No,Month-to-month,Electronic check,49.4,611.65,0.0
3927-NLNRY,Male,0,Yes,No,53,Yes,Fiber optic,No,No,Yes,One year,Bank transfer (automatic),94.25,4867.95,1.0
9087-EYCPR,Female,0,No,No,60,No,No,No internet service,No internet service,No internet service,Two year,Mailed check,25.0,1505.05,0.0
6791-YBNAK,Male,0,Yes,Yes,18,Yes,DSL,No,No,No,Month-to-month,Credit card (automatic),25.55,467.85,0.0
6358-LYNGM,Male,0,No,No,1,Yes,Fiber optic,No,No,No,Month-to-month,Electronic check,74.9,74.9,1.0
6077-BDPXA,Female,0,No,No,3,Yes,Fiber optic,No,No,No,Month-to-month,Electronic check,70.15,194.2,0.0
0013-MHZWF,Female,0,No,Yes,9,Yes,DSL,No,Yes,Yes,Month-to-month,Credit card (automatic),69.4,571.45,0.0
5494-HECPR,Female,0,No,No,1,Yes,Fiber optic,No,No,Yes,Month-to-month,Electronic check,80.25,80.25,1.0
8268-YDIXR,Male,0,Yes,No,56,Yes,Fiber optic,Yes,No,No,One year,Electronic check,93.15,5253.95,0.0
9824-BEMCV,Male,0,Yes,Yes,17,Yes,Fiber optic,No,No,No,Month-to-month,Electronic check,69.0,1149.65,1.0
1373-ORVIZ,Female,0,Yes,Yes,11,Yes,DSL,No,Yes,No,Month-to-month,Electronic check,66.35,740.8,1.0
4291-SHSBH,Male,0,No,No,7,Yes,Fiber optic,No,No,No,Month-to-month,Electronic check,69.55,521.35,0.0
6980-IMXXE,Female,0,Yes,Yes,69,Yes,No,No internet service,No internet service,No internet service,Two year,Bank transfer (automatic),20.2,1412.65,0.0
9866-QEVEE,Male,0,No,No,19,Yes,Fiber optic,No,No,No,Month-to-month,Bank transfer (automatic),86.0,1532.45,1.0
9897-KXHCM,Female,0,Yes,Yes,3,Yes,Fiber optic,No,No,No,Month-to-month,Electronic check,80.3,250.05,1.0
0040-HALCW,Male,0,Yes,Yes,54,Yes,No,No internet service,No internet service,No internet service,Two year,Credit card (automatic),20.4,1090.6,0.0
0784-GTUUK,Male,0,Yes,No,62,Yes,No,No internet service,No internet service,No internet service,One year,Credit card (automatic),23.75,1446.8,0.0
7979-CORPM,Male,0,No,No,24,Yes,Fiber optic,No,No,Yes,Month-to-month,Credit card (automatic),90.55,2282.55,1.0
2294-DMMUS,Female,0,Yes,Yes,62,Yes,DSL,No,No,Yes,Month-to-month,Credit card (automatic),70.45,4300.45,0.0
0872-JCPIB,Male,0,No,No,17,Yes,DSL,Yes,No,No,Month-to-month,Bank transfer (automatic),65.75,1111.2,0.0
3055-MJDSB,Male,0,No,No,9,Yes,DSL,No,No,No,Month-to-month,Mailed check,24.6,190.1,0.0
9091-WTUUY,Male,0,Yes,Yes,64,Yes,DSL,Yes,Yes,Yes,Two year,Mailed check,69.25,4447.75,0.0
1618-CFHME,Female,0,No,No,2,Yes,Fiber optic,No,No,No,Month-to-month,Electronic check,75.9,143.35,1.0
3165-HDOEW,Male,0,Yes,Yes,1,Yes,DSL,No,No,No,Month-to-month,Mailed check,45.85,45.85,1.0
6581-NQCBA,Female,0,Yes,No,16,Yes,DSL,No,Yes,Yes,Month-to-month,Electronic check,49.95,810.2,1.0
7115-IRDHS,Female,0,Yes,No,72,Yes,No,No internet service,No internet service,No internet service,Two year,Bank transfer (automatic),24.65,1830.05,0.0
8496-DMZUK,Male,0,No,No,30,Yes,Fiber optic,Yes,No,No,One year,Bank transfer (automatic),90.4,2820.65,0.0
2040-VZIKE,Female,0,Yes,No,49,Yes,Fiber optic,Yes,No,Yes,Month-to-month,Mailed check,100.85,4847.35,0.0
9068-VPWQQ,Male,0,Yes,No,61,Yes,DSL,Yes,Yes,No,Two year,Credit card (automatic),75.35,4729.3,0.0
0178-SZBHO,Male,0,Yes,Yes,47,Yes,Fiber optic,No,No,Yes,Month-to-month,Electronic check,87.2,4017.45,0.0
0384-RVBPI,Male,0,No,No,20,Yes,DSL,Yes,No,No,Month-to-month,Credit card (automatic),64.4,1398.6,0.0
1689-MRZQR,Male,0,Yes,Yes,34,Yes,Fiber optic,No,No,Yes,Month-to-month,Electronic check,78.3,2564.3,1.0
1299-AURJA,Female,0,Yes,Yes,70,Yes,No,No internet service,No internet service,No internet service,Two year,Bank transfer (automatic),24.7,1685.9,0.0
4525-VZCZG,Male,0,No,Yes,54,Yes,Fiber optic,Yes,Yes,Yes,One year,Electronic check,105.85,5826.65,0.0
1543-LLLFT,Male,1,Yes,No,61,Yes,Fiber optic,No,Yes,Yes,One year,Mailed check,98.3,6066.55,0.0
5835-BEQEU,Male,0,No,No,3,Yes,Fiber optic,No,No,No,Month-to-month,Electronic check,76.95,228.4,1.0
2788-CJQAQ,Male,0,No,No,13,Yes,No,No internet service,No internet service,No internet service,One year,Mailed check,19.45,270.2,0.0
5565-FILXA,Female,1,No,No,16,Yes,Fiber optic,No,No,Yes,Month-to-month,Electronic check,96.15,1529.2,1.0
0319-QZTCO,Female,0,Yes,Yes,3,Yes,DSL,No,No,Yes,Month-to-month,Credit card (automatic),58.7,168.6,0.0
2120-SMPEX,Male,0,No,No,25,Yes,No,No internet service,No internet service,No internet service,Month-to-month,Mailed check,20.15,536.35,0.0
0096-FCPUF,Male,0,No,No,30,Yes,DSL,Yes,No,No,Month-to-month,Mailed check,64.5,1888.45,0.0
0668-OGMHD,Female,0,Yes,No,21,Yes,DSL,Yes,No,No,Month-to-month,Electronic check,28.5,629.35,0.0
5552-ZNFSJ,Male,0,No,No,1,Yes,DSL,No,No,No,Month-to-month,Electronic check,45.3,45.3,1.0
2223-KAGMX,Female,0,No,No,15,Yes,No,No internet service,No internet service,No internet service,Month-to-month,Bank transfer (automatic),19.4,289.3,1.0
6507-ZJSUR,Male,1,Yes,No,23,Yes,Fiber optic,No,No,Yes,Month-to-month,Electronic check,90.45,2117.25,0.0
9408-HRXRK,Female,0,Yes,Yes,45,Yes,Fiber optic,Yes,No,Yes,Month-to-month,Electronic check,105.15,4730.9,0.0
5593-SUAOO,Female,0,Yes,Yes,24,Yes,Fiber optic,No,No,No,One year,Bank transfer (automatic),83.15,2033.05,0.0
7321-PKUYW,Female,0,No,No,11,Yes,Fiber optic,No,Yes,Yes,Month-to-month,Electronic check,90.15,987.95,1.0
2833-SLKDQ,Male,0,No,No,1,Yes,DSL,No,No,No,Month-to-month,Mailed check,45.05,45.05,1.0
6766-HFKLA,Female,0,Yes,No,56,Yes,Fiber optic,No,Yes,Yes,Two year,Bank transfer (automatic),103.2,5744.35,0.0
7595-EUIVN,Female,0,No,No,1,Yes,Fiber optic,No,No,No,Month-to-month,Electronic check,75.8,75.8,1.0
7617-EYGLW,Male,0,No,No,1,Yes,No,No internet service,No internet service,No internet service,Month-to-month,Electronic check,19.45,19.45,0.0
2026-TGDHM,Female,0,No,No,7,No,Fiber optic,No,No,No,Month-to-month,Electronic check,79.3,523.15,1.0
9220-ZNKJI,Female,1,Yes,No,55,Yes,Fiber optic,No,Yes,Yes,Two year,Credit card (automatic),88.8,4805.3,0.0
4030-VPZBD,Female,0,No,No,2,Yes,DSL,No,Yes,No,Month-to-month,Electronic check,30.9,59.05,1.0
2226-ICFDO,Female,0,Yes,Yes,72,Yes,DSL,Yes,Yes,Yes,Two year,Credit card (automatic),85.9,6110.75,0.0
0723-VSOBE,Female,1,No,No,45,Yes,DSL,No,No,No,One year,Electronic check,34.2,1596.6,0.0
5529-GIBVH,Female,0,No,No,47,Yes,No,No internet service,No internet service,No internet service,Two year,Mailed check,20.15,1046.2,0.0
4187-CINZD,Female,1,No,No,46,Yes,Fiber optic,No,No,Yes,One year,Credit card (automatic),95.25,4424.2,1.0
9992-UJOEL,Male,0,No,No,2,Yes,DSL,No,No,No,Month-to-month,Mailed check,50.3,92.75,0.0
4741-WWJQZ,Female,0,Yes,No,2,Yes,Fiber optic,Yes,Yes,No,Month-to-month,Electronic check,80.15,194.55,0.0
6625-UTXEW,Female,0,Yes,No,12,Yes,DSL,No,No,No,Month-to-month,Electronic check,51.25,612.1,0.0
6818-WOBHJ,Female,1,Yes,No,68,Yes,Fiber optic,No,No,No,Month-to-month,Bank transfer (automatic),89.6,6127.6,1.0
6244-BESBM,Male,0,Yes,Yes,69,Yes,Fiber optic,No,Yes,Yes,Two year,Credit card (automatic),95.2,6671.7,0.0
1004-NOZNR,Male,1,No,Yes,56,Yes,Fiber optic,Yes,No,Yes,One year,Credit card (automatic),94.8,5264.3,0.0
1251-STYSZ,Female,1,No,No,4,Yes,Fiber optic,Yes,No,No,Month-to-month,Electronic check,80.25,303.7,0.0
2612-PHGOX,Male,0,Yes,No,64,Yes,DSL,No,Yes,Yes,Two year,Bank transfer (automatic),76.1,4818.8,0.0
2408-TZMJL,Male,0,Yes,No,59,No,Fiber optic,Yes,No,Yes,One year,Electronic check,110.15,6448.05,1.0
8480-PPONV,Male,0,Yes,Yes,62,Yes,Fiber optic,Yes,Yes,Yes,Two year,Bank transfer (automatic),115.55,7159.05,0.0
8780-IHCRN,Male,0,Yes,Yes,63,Yes,No,No internet service,No internet service,No internet service,Two year,Credit card (automatic),24.65,1574.5,0.0
4598-ZADCK,Female,0,No,No,53,No,DSL,Yes,Yes,Yes,One year,Electronic check,53.6,2879.2,0.0
1257-SXUXQ,Male,0,Yes,Yes,5,Yes,No,No internet service,No internet service,No internet service,Month-to-month,Mailed check,19.45,86.05,0.0
9681-KYGYB,Male,1,Yes,No,49,Yes,Fiber optic,Yes,No,No,Month-to-month,Electronic check,88.2,4159.45,0.0
7182-OVLBJ,Female,0,Yes,Yes,62,Yes,Fiber optic,Yes,No,Yes,Two year,Bank transfer (automatic),101.15,6638.35,0.0
5095-ETBRJ,Female,0,Yes,No,55,Yes,DSL,Yes,Yes,No,Two year,Mailed check,56.8,3112.05,0.0
7005-CYUIL,Female,1,Yes,No,71,Yes,Fiber optic,Yes,Yes,Yes,Two year,Electronic check,99.4,7168.25,0.0
4821-WQOYN,Female,0,Yes,Yes,72,Yes,No,No internet service,No internet service,No internet service,Two year,Credit card (automatic),20.1,1326.25,0.0
4730-AWNAU,Male,0,Yes,Yes,36,Yes,DSL,Yes,Yes,Yes,One year,Credit card (automatic),60.7,2234.55,0.0
3452-FLHYD,Male,0,Yes,No,25,Yes,No,No internet service,No internet service,No internet service,One year,Bank transfer (automatic),20.95,495.15,0.0
2388-LAESQ,Female,1,Yes,No,72,Yes,Fiber optic,Yes,Yes,Yes,Two year,Bank transfer (automatic),114.85,8317.95,0.0
9531-NSBMR,Female,0,No,No,36,Yes,No,No internet service,No internet service,No internet service,One year,Bank transfer (automatic),19.25,679.8,0.0
6260-ONULR,Male,0,No,No,1,Yes,DSL,No,No,Yes,Month-to-month,Mailed check,62.8,62.8,0.0
4389-UEFCZ,Female,0,Yes,No,72,Yes,Fiber optic,Yes,No,Yes,Two year,Electronic check,105.5,7544.0,0.0
8711-LOBKY,Male,0,Yes,Yes,59,Yes,No,No internet service,No internet service,No internet service,Two year,Mailed check,19.85,1188.25,0.0
9134-CEQMF,Male,1,Yes,No,7,No,Fiber optic,No,No,Yes,Month-to-month,Electronic check,89.5,676.7,1.0
8985-OOPOS,Female,0,No,No,1,Yes,DSL,No,Yes,Yes,One year,Credit card (automatic),74.1,74.1,0.0
8800-ZKRFW,Female,0,Yes,Yes,30,Yes,Fiber optic,No,Yes,Yes,Month-to-month,Electronic check,107.5,3242.5,0.0
2616-FLVQC,Male,0,No,No,64,No,No,No internet service,No internet service,No internet service,Two year,Mailed check,19.55,1240.15,0.0
9968-FFVVH,Male,0,No,No,63,Yes,DSL,Yes,Yes,No,One year,Bank transfer (automatic),68.8,4111.35,0.0
3108-PCCGG,Male,1,Yes,No,72,Yes,DSL,Yes,No,Yes,Two year,Credit card (automatic),84.45,5899.85,0.0
7993-PYKOF,Male,0,Yes,No,8,Yes,Fiber optic,Yes,No,No,Month-to-month,Electronic check,75.0,632.95,1.0
8390-FESFV,Female,0,No,No,62,Yes,DSL,No,Yes,Yes,Two year,Bank transfer (automatic),84.5,5193.2,0.0
3022-BEXHZ,Male,0,Yes,Yes,67,Yes,Fiber optic,No,Yes,Yes,Two year,Bank transfer (automatic),111.2,7530.8,0.0
5027-XWQHA,Male,0,No,No,6,Yes,DSL,No,No,No,Month-to-month,Electronic check,44.75,270.95,1.0
6248-TKCQV,Female,0,Yes,Yes,70,No,DSL,Yes,Yes,Yes,Two year,Bank transfer (automatic),80.6,5460.2,0.0
6729-GDNGC,Female,1,No,No,20,Yes,Fiber optic,No,No,Yes,Month-to-month,Bank transfer (automatic),80.7,1614.2,0.0
6198-ZFIOJ,Female,0,No,No,5,Yes,Fiber optic,No,No,No,Month-to-month,Electronic check,75.6,402.5,0.0
5989-OMNJE,Female,0,Yes,Yes,24,Yes,DSL,Yes,No,Yes,One year,Electronic check,57.6,1367.75,0.0
4566-QVRRW,Female,0,Yes,No,11,Yes,DSL,No,No,No,Month-to-month,Electronic check,44.05,483.7,1.0
1291-CUOCY,Male,0,Yes,No,72,Yes,Fiber optic,No,Yes,Yes,Two year,Credit card (automatic),110.6,7962.2,0.0
9795-SHUHB,Female,0,Yes,Yes,66,Yes,DSL,Yes,Yes,No,Two year,Credit card (automatic),58.2,3810.8,0.0
3230-IUALN,Female,0,Yes,Yes,45,Yes,DSL,Yes,Yes,Yes,Two year,Mailed check,81.0,3533.6,0.0
0042-RLHYP,Female,0,Yes,Yes,69,Yes,No,No internet service,No internet service,No internet service,Two year,Bank transfer (automatic),19.7,1396.9,0.0
8519-IMDHU,Male,1,Yes,No,15,Yes,Fiber optic,No,No,No,Month-to-month,Bank transfer (automatic),85.6,1345.55,1.0
4945-RVMTE,Female,0,No,No,28,Yes,DSL,No,No,Yes,Month-to-month,Bank transfer (automatic),59.55,1646.45,0.0
0201-OAMXR,Female,0,No,No,70,Yes,Fiber optic,Yes,Yes,Yes,One year,Credit card (automatic),115.55,8127.6,1.0
1866-NXPSP,Female,0,No,No,36,Yes,DSL,Yes,Yes,No,One year,Mailed check,75.55,2680.15,0.0
3372-KWFBM,Male,1,No,No,16,Yes,Fiber optic,No,No,Yes,Month-to-month,Electronic check,86.6,1281.0,1.0
7831-QGOXH,Female,0,No,No,18,Yes,Fiber optic,No,No,Yes,Month-to-month,Electronic check,85.2,1553.9,1.0
6393-WRYZE,Female,0,Yes,No,34,No,Fiber optic,No,No,Yes,Month-to-month,Electronic check,97.65,3207.55,1.0
3941-XTSKM,Male,0,Yes,Yes,42,Yes,DSL,No,No,No,One year,Credit card (automatic),45.1,2049.05,0.0
1661-CZBAU,Male,0,No,No,48,Yes,DSL,Yes,Yes,No,One year,Bank transfer (automatic),70.95,3629.2,0.0
6599-RCLCJ,Male,0,Yes,No,47,Yes,Fiber optic,No,Yes,Yes,Month-to-month,Electronic check,109.55,5124.55,1.0
9831-BPFRI,Female,0,Yes,Yes,39,Yes,Fiber optic,No,Yes,No,One year,Electronic check,89.55,3474.45,1.0
5158-RIVOP,Female,0,Yes,Yes,11,Yes,No,No internet service,No internet service,No internet service,Two year,Credit card (automatic),20.9,202.3,0.0
9788-YTFGE,Male,0,No,No,7,Yes,No,No internet service,No internet service,No internet service,Month-to-month,Mailed check,19.95,147.5,0.0
9277-JOOMO,Female,0,No,No,3,No,No,No internet service,No internet service,No internet service,Month-to-month,Mailed check,24.6,86.35,0.0
1907-YLNYW,Male,0,No,No,8,Yes,DSL,Yes,No,No,Month-to-month,Electronic check,66.7,579.0,0.0
1725-MIMXW,Male,0,No,Yes,1,Yes,No,No internet service,No internet service,No internet service,Month-to-month,Mailed check,19.45,19.45,1.0
8947-YRTDV,Male,0,Yes,Yes,32,Yes,Fiber optic,Yes,No,No,One year,Mailed check,94.8,3131.55,0.0
3161-ONRWK,Male,0,Yes,Yes,60,Yes,DSL,Yes,Yes,No,One year,Bank transfer (automatic),65.85,3928.3,0.0
0114-RSRRW,Female,0,Yes,No,10,No,No,No internet service,No internet service,No internet service,Month-to-month,Bank transfer (automatic),19.95,187.75,0.0
4565-NLZBV,Female,0,Yes,No,71,Yes,No,No internet service,No internet service,No internet service,Two year,Bank transfer (automatic),24.65,1710.15,0.0
0031-PVLZI,Female,0,Yes,Yes,4,Yes,No,No internet service,No internet service,No internet service,Month-to-month,Mailed check,20.35,76.35,1.0
7206-GZCDC,Female,1,No,No,1,Yes,Fiber optic,No,No,No,Month-to-month,Electronic check,69.25,69.25,1.0
6682-VCIXC,Female,0,Yes,Yes,43,Yes,DSL,Yes,Yes,Yes,One year,Bank transfer (automatic),51.25,2151.6,0.0
4791-QRGMF,Male,0,Yes,No,59,Yes,Fiber optic,No,No,Yes,One year,Bank transfer (automatic),99.5,5961.1,1.0
6475-VHUIZ,Female,0,Yes,No,23,Yes,DSL,No,Yes,No,Month-to-month,Electronic check,54.25,1221.55,0.0
3910-MRQOY,Female,0,Yes,No,72,Yes,No,No internet service,No internet service,No internet service,Two year,Bank transfer (automatic),19.4,1496.45,0.0
0661-WCQNQ,Male,0,Yes,No,22,Yes,DSL,Yes,Yes,No,One year,Credit card (automatic),56.25,1292.2,0.0
7537-RBWEA,Female,0,No,No,1,No,DSL,No,No,No,Month-to-month,Mailed check,25.15,25.15,0.0
4656-CAURT,Male,0,No,No,69,Yes,No,No internet service,No internet service,No internet service,Two year,Bank transfer (automatic),23.95,1713.1,0.0
0121-SNYRK,Male,0,No,No,50,Yes,DSL,Yes,Yes,No,One year,Mailed check,35.4,1748.9,0.0
1768-ZAIFU,Female,1,No,No,1,No,DSL,No,No,No,Month-to-month,Electronic check,25.2,25.2,1.0
4671-LXRDQ,Male,0,No,No,2,Yes,DSL,No,No,No,Month-to-month,Mailed check,45.0,96.45,1.0
3733-LSYCE,Female,0,Yes,No,15,Yes,Fiber optic,No,No,No,Month-to-month,Bank transfer (automatic),75.35,1114.55,0.0
6265-FRMTQ,Male,0,No,No,31,Yes,No,No internet service,No internet service,No internet service,Two year,Bank transfer (automatic),20.4,609.1,0.0
1934-SJVJK,Male,0,No,No,1,Yes,No,No internet service,No internet service,No internet service,Month-to-month,Mailed check,20.15,20.15,1.0
3838-OZURD,Male,0,Yes,No,66,Yes,Fiber optic,No,No,Yes,Month-to-month,Credit card (automatic),105.0,7133.25,1.0
1371-DWPAZ,Female,0,Yes,Yes,0,Yes,DSL,Yes,Yes,Yes,Two year,Credit card (automatic),56.05,56.05,0.0
9269-CQOOL,Male,0,No,Yes,3,No,DSL,No,No,Yes,Month-to-month,Credit card (automatic),54.7,169.45,1.0
2017-CCBLH,Female,0,No,No,8,Yes,No,No internet service,No internet service,No internet service,Two year,Mailed check,20.0,141.6,0.0
7690-KPNCU,Male,0,Yes,Yes,64,Yes,DSL,Yes,No,Yes,One year,Credit card (automatic),73.05,4688.65,0.0
0536-BGFMZ,Female,0,Yes,No,28,Yes,No,No internet service,No internet service,No internet service,Month-to-month,Mailed check,20.5,563.05,0.0
2293-IJWPS,Female,0,Yes,No,57,Yes,Fiber optic,No,No,Yes,One year,Credit card (automatic),100.75,5985.0,0.0
2845-HSJCY,Female,0,Yes,Yes,14,Yes,Fiber optic,No,No,No,Month-to-month,Electronic check,87.25,1258.6,1.0
5469-NUJUR,Male,0,No,No,19,Yes,No,No internet service,No internet service,No internet service,Two year,Mailed check,19.95,373.5,0.0
1184-PJVDB,Male,0,Yes,No,10,Yes,Fiber optic,No,No,Yes,Month-to-month,Electronic check,79.95,857.2,1.0
2625-TRCZQ,Female,0,Yes,No,51,Yes,DSL,No,No,Yes,Month-to-month,Electronic check,49.65,2553.35,0.0
4102-HLENU,Female,0,Yes,No,67,Yes,DSL,Yes,No,No,Two year,Mailed check,65.65,4322.85,0.0
7266-GSSJX,Male,0,Yes,Yes,11,Yes,No,No internet service,No internet service,No internet service,Month-to-month,Electronic check,20.45,250.8,0.0
7722-VJRQD,Male,0,Yes,Yes,72,Yes,DSL,Yes,Yes,Yes,Two year,Bank transfer (automatic),60.95,4549.05,0.0
7073-QETQY,Male,0,Yes,Yes,66,Yes,No,No internet service,No internet service,No internet service,One year,Electronic check,20.35,1359.5,0.0
9415-DPEWS,Female,0,No,No,18,Yes,Fiber optic,No,Yes,Yes,Month-to-month,Electronic check,88.35,1639.3,1.0
5624-RYAMH,Female,0,No,No,9,No,No,No internet service,No internet service,No internet service,Month-to-month,Electronic check,19.5,178.85,0.0
0196-JTUQI,Female,0,No,No,9,Yes,Fiber optic,No,No,No,Month-to-month,Credit card (automatic),75.2,633.85,0.0
7130-YXBRO,Male,0,Yes,No,48,No,Fiber optic,Yes,No,Yes,Month-to-month,Bank transfer (automatic),111.45,5315.1,0.0
9272-LSVYH,Male,0,No,No,10,No,Fiber optic,No,No,No,Month-to-month,Mailed check,70.15,735.5,0.0
7943-RQCHR,Female,0,No,No,9,Yes,Fiber optic,No,No,Yes,Month-to-month,Electronic check,94.75,889.9,1.0
3793-MMFUH,Female,1,No,No,13,Yes,Fiber optic,No,No,Yes,Month-to-month,Electronic check,95.05,1290.0,1.0
3249-ZPQRG,Male,0,No,No,4,Yes,Fiber optic,No,No,No,Month-to-month,Electronic check,78.45,330.05,1.0
2568-BRGYX,Male,0,No,No,4,Yes,Fiber optic,No,No,No,Month-to-month,Electronic check,70.2,237.95,1.0
3084-DOWLE,Female,0,Yes,No,72,Yes,DSL,Yes,Yes,Yes,Two year,Bank transfer (automatic),92.0,6474.4,0.0
1084-MNSMJ,Female,0,Yes,Yes,51,Yes,DSL,Yes,Yes,Yes,Two year,Credit card (automatic),85.5,4421.95,0.0
7721-JXEAW,Male,0,Yes,No,59,Yes,DSL,No,No,No,Month-to-month,Bank transfer (automatic),41.05,2452.7,1.0
7249-WBIYX,Male,0,Yes,No,10,Yes,Fiber optic,No,No,Yes,Month-to-month,Electronic check,85.6,813.85,1.0
4238-HFHSN,Male,1,Yes,No,61,Yes,Fiber optic,No,No,No,Month-to-month,Electronic check,82.15,4904.85,0.0
6250-CGGUN,Male,0,No,No,54,Yes,Fiber optic,Yes,Yes,No,One year,Electronic check,84.4,4484.05,0.0
5478-JJVZK,Female,0,No,No,33,Yes,DSL,Yes,No,No,Month-to-month,Mailed check,60.9,2033.85,0.0
7596-IIWYC,Female,0,No,No,27,Yes,No,No internet service,No internet service,No internet service,Two year,Bank transfer (automatic),20.25,538.2,0.0
6567-HOOPW,Female,1,No,No,1,Yes,Fiber optic,No,No,Yes,Month-to-month,Electronic check,79.2,79.2,1.0
9793-WECQC,Male,0,No,No,23,Yes,Fiber optic,No,No,Yes,Month-to-month,Mailed check,95.3,2192.9,0.0
4291-HPAXL,Male,0,No,Yes,1,Yes,No,No internet service,No internet service,No internet service,Month-to-month,Mailed check,19.85,19.85,0.0
8999-YPYBV,Male,0,Yes,Yes,45,Yes,DSL,Yes,Yes,Yes,Two year,Mailed check,84.35,3858.05,0.0
1839-FBNFR,Female,0,Yes,Yes,39,Yes,No,No internet service,No internet service,No internet service,Two year,Bank transfer (automatic),19.85,854.8,0.0
3164-AALRN,Male,0,No,No,5,Yes,DSL,No,No,Yes,One year,Mailed check,70.0,347.4,1.0
3071-MVJCD,Male,0,Yes,Yes,72,Yes,DSL,Yes,Yes,Yes,Two year,Bank transfer (automatic),82.3,5815.15,0.0
1697-BCSHV,Female,0,Yes,Yes,58,Yes,DSL,No,No,Yes,Month-to-month,Bank transfer (automatic),66.8,3970.4,0.0
0562-KBDVM,Female,0,No,No,70,Yes,DSL,Yes,Yes,No,Two year,Bank transfer (automatic),44.6,3058.15,0.0
1131-SUEKT,Male,0,Yes,Yes,61,Yes,Fiber optic,No,Yes,Yes,One year,Bank transfer (automatic),98.45,6145.2,0.0
3717-OEAUQ,Male,0,No,No,2,Yes,Fiber optic,No,No,No,Month-to-month,Mailed check,70.7,129.2,0.0
4538-WNTMJ,Female,0,Yes,Yes,46,Yes,No,No internet service,No internet service,No internet service,One year,Mailed check,24.95,1165.9,0.0
3334-CTHOL,Female,0,No,No,1,Yes,DSL,No,No,No,Month-to-month,Bank transfer (automatic),49.95,49.95,1.0
4704-ERYFC,Female,0,Yes,No,22,Yes,Fiber optic,No,No,No,Month-to-month,Electronic check,69.25,1554.0,1.0
9432-RUVSL,Female,0,No,No,48,Yes,Fiber optic,Yes,Yes,Yes,Two year,Credit card (automatic),102.5,4904.25,0.0
8060-HIWJJ,Male,0,No,No,64,Yes,DSL,No,Yes,Yes,Two year,Credit card (automatic),86.55,5632.55,0.0
7684-XSZIY,Male,0,Yes,Yes,72,Yes,No,No internet service,No internet service,No internet service,Two year,Bank transfer (automatic),24.3,1643.25,0.0
9089-UOWJG,Female,0,Yes,Yes,12,Yes,DSL,No,No,Yes,Month-to-month,Credit card (automatic),58.35,740.55,0.0
8621-MNIHH,Female,1,Yes,No,34,Yes,Fiber optic,No,No,No,Month-to-month,Electronic check,94.25,3217.55,1.0
8039-ACLPL,Female,0,Yes,Yes,72,Yes,DSL,Yes,No,No,Two year,Credit card (automatic),68.75,4888.2,0.0
9885-AIBVB,Male,0,Yes,No,29,Yes,Fiber optic,No,No,No,Month-to-month,Electronic check,85.8,2440.25,0.0
1934-MKPXS,Male,0,Yes,Yes,33,No,No,No internet service,No internet service,No internet service,One year,Credit card (automatic),20.1,620.55,0.0
2592-YKDIF,Female,0,No,No,1,Yes,No,No internet service,No internet service,No internet service,Month-to-month,Mailed check,20.35,20.35,0.0
2272-JKMSI,Female,0,Yes,Yes,62,Yes,Fiber optic,No,Yes,Yes,One year,Electronic check,110.8,6840.95,0.0
0471-LVHGK,Male,0,Yes,No,41,Yes,DSL,No,No,Yes,One year,Electronic check,73.0,3001.2,1.0
9518-RWHZL,Female,0,No,No,64,Yes,Fiber optic,No,No,Yes,One year,Credit card (automatic),100.05,6254.2,1.0
8714-CTZJW,Female,0,No,No,4,Yes,Fiber optic,No,No,No,Month-to-month,Credit card (automatic),82.85,319.6,0.0
3569-EDBPQ,Female,0,No,No,24,Yes,Fiber optic,Yes,Yes,No,Month-to-month,Electronic check,84.35,1938.05,0.0
3131-NWVFJ,Female,0,Yes,Yes,14,Yes,No,No internet service,No internet service,No internet service,One year,Mailed check,19.55,294.5,0.0
7521-YXVZY,Male,0,No,Yes,3,Yes,No,No internet service,No internet service,No internet service,Month-to-month,Mailed check,19.95,58.3,0.0
5419-CONWX,Female,1,No,No,4,No,Fiber optic,No,No,Yes,Month-to-month,Credit card (automatic),99.8,442.85,1.0
6240-EURKS,Female,0,No,Yes,18,Yes,DSL,No,No,No,Month-to-month,Electronic check,35.0,553.0,1.0
2373-NTKOD,Male,0,No,No,8,Yes,DSL,No,No,Yes,Month-to-month,Electronic check,66.25,546.45,0.0
1970-KKFWL,Female,0,No,No,35,Yes,No,No internet service,No internet service,No internet service,Two year,Bank transfer (automatic),23.3,797.1,0.0
6960-HVYXR,Female,0,No,No,1,No,Fiber optic,No,No,No,Month-to-month,Electronic check,76.0,76.0,1.0
9337-SRRNI,Male,0,No,Yes,66,No,No,No internet service,No internet service,No internet service,Two year,Credit card (automatic),25.3,1673.8,0.0
0895-UADGO,Male,0,No,Yes,8,Yes,DSL,Yes,Yes,No,Two year,Mailed check,44.55,343.45,0.0
5678-VFNEQ,Female,0,Yes,No,71,Yes,Fiber optic,Yes,No,Yes,One year,Credit card (automatic),104.1,7412.25,0.0
5977-CKHON,Female,0,Yes,Yes,43,Yes,Fiber optic,No,No,No,Month-to-month,Bank transfer (automatic),92.55,4039.0,0.0
7024-OHCCK,Female,1,No,No,2,Yes,Fiber optic,No,No,Yes,Month-to-month,Electronic check,93.85,170.85,1.0
2692-BUCFV,Male,1,No,No,29,Yes,Fiber optic,No,No,Yes,Month-to-month,Bank transfer (automatic),101.45,2948.6,0.0
7861-UVUFT,Female,0,Yes,No,15,Yes,Fiber optic,No,No,Yes,Month-to-month,Electronic check,84.3,1308.4,1.0
1830-GGFNM,Male,0,Yes,Yes,65,Yes,Fiber optic,Yes,Yes,No,Two year,Credit card (automatic),94.55,6078.75,0.0
5302-BDJNT,Male,0,No,No,35,Yes,Fiber optic,No,Yes,Yes,Month-to-month,Electronic check,95.5,3418.2,0.0
5223-UZAVK,Male,0,No,No,64,Yes,Fiber optic,Yes,No,Yes,One year,Credit card (automatic),100.3,6603.8,0.0
4859-ZSRDZ,Female,0,Yes,Yes,58,Yes,DSL,No,Yes,Yes,Two year,Credit card (automatic),55.5,3166.9,0.0
5651-WYIPH,Female,1,No,No,18,Yes,DSL,No,No,No,Month-to-month,Credit card (automatic),49.85,865.75,0.0
9350-VLHMB,Male,0,Yes,Yes,67,Yes,Fiber optic,No,No,No,Month-to-month,Bank transfer (automatic),89.55,6373.1,0.0
3498-LZGQZ,Male,0,Yes,Yes,63,Yes,No,No internet service,No internet service,No internet service,Two year,Mailed check,19.15,1177.05,0.0
8785-CJSHH,Female,0,Yes,No,60,Yes,Fiber optic,No,No,Yes,Month-to-month,Electronic check,99.8,5985.75,0.0
5357-TZHPP,Male,1,No,No,9,Yes,Fiber optic,No,No,No,Month-to-month,Credit card (automatic),84.4,732.5,1.0
3870-SPZSI,Female,0,Yes,Yes,70,Yes,Fiber optic,Yes,Yes,Yes,Two year,Credit card (automatic),113.05,7869.05,0.0
0680-DFNNY,Male,0,Yes,No,15,Yes,Fiber optic,No,No,Yes,Month-to-month,Electronic check,101.1,1504.05,1.0
7560-QRBXH,Female,0,No,Yes,48,Yes,No,No internet service,No internet service,No internet service,One year,Mailed check,19.95,936.7,0.0
7077-XJMET,Male,0,Yes,No,12,Yes,DSL,No,Yes,Yes,Month-to-month,Electronic check,74.15,741.4,0.0
8752-GHJFU,Male,1,Yes,No,71,Yes,Fiber optic,Yes,Yes,No,One year,Electronic check,92.0,6585.2,0.0
6896-SRVYQ,Male,1,No,No,44,Yes,Fiber optic,No,No,No,Month-to-month,Electronic check,73.85,3122.4,0.0
7767-UXAGJ,Male,0,No,No,1,Yes,DSL,No,No,No,Month-to-month,Electronic check,50.45,50.45,1.0
4652-ODEVH,Male,0,Yes,Yes,45,Yes,No,No internet service,No internet service,No internet service,Two year,Mailed check,24.45,1088.25,0.0
6510-UPNKS,Female,0,No,No,23,Yes,No,No internet service,No internet service,No internet service,One year,Credit card (automatic),24.8,615.35,0.0
6718-BDGHG,Female,0,Yes,No,43,Yes,DSL,No,Yes,Yes,One year,Bank transfer (automatic),64.85,2908.2,0.0
9046-DQMTP,Male,0,No,No,35,Yes,No,No internet service,No internet service,No internet service,Month-to-month,Bank transfer (automatic),20.75,739.9,0.0
6439-LAJXL,Male,0,Yes,No,9,Yes,DSL,Yes,Yes,Yes,Month-to-month,Mailed check,68.95,593.85,0.0
1571-SAVHK,Male,0,No,No,12,Yes,Fiber optic,No,Yes,Yes,Month-to-month,Mailed check,99.95,1132.75,1.0
9052-VKDUW,Female,1,Yes,No,65,Yes,Fiber optic,Yes,No,Yes,Month-to-month,Credit card (automatic),109.4,7227.45,0.0
9546-CQJSU,Female,0,No,No,2,Yes,Fiber optic,No,No,Yes,Month-to-month,Electronic check,91.4,193.6,1.0
1666-JZPZT,Male,0,No,No,27,Yes,DSL,No,No,No,Month-to-month,Mailed check,49.0,1291.35,0.0
5777-KJIRB,Female,0,No,No,40,Yes,DSL,No,No,No,One year,Mailed check,50.25,2023.55,0.0
0506-LVNGN,Female,1,No,No,5,No,Fiber optic,No,No,No,Month-to-month,Credit card (automatic),75.55,349.65,1.0
7677-SJJJK,Male,0,Yes,Yes,8,Yes,No,No internet service,No internet service,No internet service,One year,Credit card (automatic),19.9,153.95,0.0
2480-EJWYP,Female,1,Yes,No,58,Yes,Fiber optic,No,No,Yes,One year,Bank transfer (automatic),97.8,5458.8,0.0
3253-HKOKL,Female,0,Yes,Yes,52,Yes,Fiber optic,Yes,No,Yes,One year,Electronic check,100.3,5244.45,0.0
7055-HNEOJ,Male,0,Yes,No,3,Yes,DSL,No,Yes,No,Month-to-month,Mailed check,55.8,154.55,0.0
5514-YQENT,Male,0,No,Yes,41,Yes,Fiber optic,Yes,Yes,Yes,Two year,Electronic check,111.15,4507.15,0.0
3211-AAPKX,Male,0,No,No,20,Yes,Fiber optic,No,Yes,Yes,Month-to-month,Mailed check,98.55,2031.95,0.0
8445-DNBAE,Male,0,No,Yes,1,Yes,DSL,No,No,No,Month-to-month,Electronic check,50.05,50.05,0.0
2951-QOQTK,Male,0,No,Yes,4,Yes,Fiber optic,No,Yes,No,Month-to-month,Credit card (automatic),80.8,332.45,1.0
2958-NHPPS,Male,0,No,No,23,No,No,No internet service,No internet service,No internet service,Month-to-month,Electronic check,20.85,473.9,0.0
6806-YDEUL,Female,1,No,No,6,Yes,No,No internet service,No internet service,No internet service,Month-to-month,Bank transfer (automatic),19.5,106.8,0.0
1735-XMJVH,Male,0,Yes,Yes,8,No,No,No internet service,No internet service,No internet service,Month-to-month,Mailed check,19.35,152.6,0.0
6890-PFRQX,Male,0,No,No,18,Yes,DSL,Yes,No,Yes,Month-to-month,Mailed check,69.5,1199.4,0.0
0222-CNVPT,Male,1,No,No,52,Yes,DSL,Yes,No,Yes,Month-to-month,Credit card (automatic),48.8,2555.05,0.0
5899-OUVKV,Male,0,No,No,31,Yes,Fiber optic,No,No,Yes,Month-to-month,Electronic check,94.5,2979.2,0.0
8681-ICONS,Male,0,Yes,Yes,29,Yes,No,No internet service,No internet service,No internet service,Month-to-month,Mailed check,20.65,654.85,0.0
1621-YNCJH,Female,0,Yes,No,36,Yes,Fiber optic,Yes,Yes,No,Two year,Credit card (automatic),106.05,3834.4,0.0
3473-XIIIT,Female,0,Yes,No,16,Yes,Fiber optic,No,No,Yes,Month-to-month,Electronic check,100.0,1534.75,1.0
6362-QHAFM,Male,0,Yes,No,42,Yes,Fiber optic,No,Yes,Yes,One year,Electronic check,108.3,4586.15,0.0
7893-IXHRQ,Male,0,No,No,1,Yes,No,No internet service,No internet service,No internet service,Month-to-month,Electronic check,20.55,20.55,1.0
3070-BDOQC,Female,0,No,No,60,Yes,Fiber optic,No,No,Yes,Two year,Electronic check,99.65,5941.05,0.0
2952-QAYZF,Male,0,No,No,5,Yes,Fiber optic,No,No,No,Month-to-month,Electronic check,85.3,424.15,1.0
6234-PFPXL,Male,0,Yes,No,22,Yes,Fiber optic,Yes,Yes,Yes,Month-to-month,Credit card (automatic),95.9,2234.95,0.0
9824-QCJPK,Male,0,Yes,No,36,Yes,No,No internet service,No internet service,No internet service,One year,Mailed check,20.0,666.75,0.0
4763-PGDPO,Female,0,No,No,4,No,Fiber optic,No,No,No,Month-to-month,Electronic check,70.4,281.0,1.0
4283-IVYCI,Male,0,No,No,9,Yes,DSL,Yes,Yes,No,Month-to-month,Mailed check,64.95,547.8,0.0
1866-OBPNR,Male,0,Yes,Yes,1,Yes,Fiber optic,No,No,No,Month-to-month,Credit card (automatic),74.6,74.6,0.0
8205-MQUGY,Male,0,Yes,Yes,12,Yes,DSL,Yes,No,No,Month-to-month,Electronic check,49.2,571.15,0.0
8970-ANWXO,Female,0,No,No,23,Yes,DSL,No,Yes,Yes,One year,Mailed check,73.75,1756.6,0.0
9480-BQJEI,Male,0,No,No,62,Yes,Fiber optic,Yes,No,No,One year,Bank transfer (automatic),92.3,5731.45,0.0
5394-SVGJV,Male,0,No,No,37,Yes,Fiber optic,No,Yes,Yes,Month-to-month,Bank transfer (automatic),98.8,3475.55,1.0
6979-TNDEU,Female,0,No,No,8,Yes,No,No internet service,No internet service,No internet service,Month-to-month,Mailed check,19.2,156.85,0.0
9777-WJJPR,Male,0,Yes,No,31,Yes,Fiber optic,No,No,Yes,Month-to-month,Credit card (automatic),88.65,2683.2,0.0
9283-LZQOH,Male,0,Yes,Yes,13,Yes,Fiber optic,No,No,No,Month-to-month,Credit card (automatic),74.4,896.75,1.0
7079-QRCBC,Female,0,No,No,24,Yes,Fiber optic,No,No,Yes,Month-to-month,Electronic check,98.75,2407.3,1.0
9495-SKLKD,Male,0,Yes,Yes,45,Yes,Fiber optic,No,No,No,Month-to-month,Bank transfer (automatic),95.95,4456.65,0.0
6048-UWKAL,Female,1,Yes,No,69,Yes,Fiber optic,No,Yes,Yes,Two year,Credit card (automatic),105.4,6998.95,0.0
5067-DGXLL,Male,0,No,No,2,No,No,No internet service,No internet service,No internet service,Month-to-month,Mailed check,20.25,36.8,0.0
5469-CTCWN,Male,0,Yes,Yes,61,Yes,Fiber optic,Yes,No,Yes,One year,Electronic check,106.0,6547.7,1.0
9851-QXEEQ,Male,0,No,No,41,Yes,Fiber optic,No,No,Yes,Month-to-month,Electronic check,104.7,4346.4,1.0
6281-FKEWS,Female,0,No,No,44,Yes,DSL,No,No,Yes,One year,Electronic check,49.05,2265.0,0.0
8898-KASCD,Male,0,No,No,39,Yes,DSL,No,Yes,No,One year,Mailed check,35.55,1309.15,0.0
9242-TKFSV,Male,0,Yes,Yes,72,Yes,DSL,Yes,Yes,Yes,Two year,Credit card (automatic),65.1,4754.3,0.0
9290-SHCMB,Female,1,No,No,13,Yes,Fiber optic,No,No,Yes,Month-to-month,Electronic check,96.85,1235.55,0.0
0743-HNPFG,Female,0,Yes,Yes,51,Yes,DSL,Yes,Yes,No,One year,Credit card (automatic),69.75,3562.5,0.0
2277-BKJKN,Female,1,Yes,No,71,Yes,Fiber optic,No,No,Yes,Two year,Electronic check,99.2,7213.75,0.0
9809-IMGCQ,Male,1,No,No,22,Yes,Fiber optic,No,No,Yes,Month-to-month,Electronic check,96.7,2082.95,1.0
5208-HFSBT,Female,0,No,No,2,Yes,DSL,No,Yes,No,Month-to-month,Credit card (automatic),55.05,102.75,1.0
5035-PGZXH,Female,0,No,No,56,Yes,Fiber optic,No,No,Yes,One year,Electronic check,106.8,5914.4,0.0
8695-WDYEA,Male,0,No,No,1,Yes,DSL,Yes,No,No,Month-to-month,Mailed check,51.25,51.25,0.0
6543-JXSOO,Female,0,Yes,Yes,23,Yes,DSL,Yes,Yes,No,One year,Mailed check,57.75,1282.85,0.0
8016-ZMGMO,Female,1,Yes,No,66,No,DSL,No,No,Yes,One year,Bank transfer (automatic),70.85,4738.85,0.0
8605-ITULD,Female,0,No,No,1,Yes,No,No internet service,No internet service,No internet service,Month-to-month,Mailed check,19.55,19.55,0.0
3254-YRILK,Male,1,No,No,19,Yes,Fiber optic,No,No,Yes,Month-to-month,Electronic check,88.2,1775.8,1.0
6416-YJTTB,Male,0,No,No,11,Yes,Fiber optic,Yes,No,No,Month-to-month,Bank transfer (automatic),79.5,795.65,0.0
2667-WYLWJ,Female,0,Yes,Yes,8,Yes,No,No internet service,No internet service,No internet service,One year,Mailed check,19.75,145.0,1.0
4472-VESGY,Female,0,Yes,Yes,52,Yes,Fiber optic,Yes,No,No,Month-to-month,Bank transfer (automatic),98.15,4993.4,0.0
3195-TQDZX,Male,0,No,No,3,No,No,No internet service,No internet service,No internet service,Month-to-month,Electronic check,20.25,61.45,0.0
3128-YOVTD,Female,0,Yes,Yes,51,Yes,Fiber optic,Yes,No,No,Month-to-month,Bank transfer (automatic),79.15,4018.55,0.0
0529-ONKER,Male,1,No,No,15,Yes,Fiber optic,No,No,No,Month-to-month,Electronic check,75.65,1146.65,1.0
1728-CXQBE,Male,1,Yes,No,64,Yes,Fiber optic,No,No,No,Month-to-month,Electronic check,94.25,6081.4,0.0
7041-TXQJH,Female,0,No,No,37,Yes,DSL,No,No,No,Month-to-month,Credit card (automatic),40.2,1478.85,0.0
5014-GSOUQ,Male,0,No,No,13,Yes,No,No internet service,No internet service,No internet service,Two year,Mailed check,19.95,243.65,0.0
5724-BIDBU,Male,0,Yes,No,49,Yes,DSL,Yes,No,No,One year,Electronic check,55.35,2633.95,0.0
0481-SUMCB,Female,1,No,No,45,Yes,Fiber optic,No,No,Yes,One year,Bank transfer (automatic),102.15,4735.35,0.0
1769-GRUIK,Female,0,No,No,18,Yes,Fiber optic,No,No,No,Month-to-month,Electronic check,71.1,1247.75,0.0
5240-IJOQT,Male,1,No,No,1,Yes,Fiber optic,No,No,No,Month-to-month,Electronic check,74.7,74.7,1.0
8819-WFGGJ,Male,0,Yes,No,68,Yes,DSL,Yes,No,Yes,Two year,Bank transfer (automatic),54.1,3794.5,0.0
7427-AUFPY,Male,0,No,No,54,Yes,No,No internet service,No internet service,No internet service,Two year,Credit card (automatic),19.65,1008.7,0.0
2811-POVEX,Female,1,Yes,Yes,23,Yes,Fiber optic,No,No,No,Month-to-month,Bank transfer (automatic),88.45,2130.55,0.0
1092-GANHU,Male,0,No,No,17,Yes,Fiber optic,No,No,No,Month-to-month,Electronic check,76.65,1313.55,1.0
7898-PDWQE,Male,0,Yes,No,71,Yes,DSL,Yes,Yes,No,Two year,Credit card (automatic),80.4,5727.15,0.0
9972-EWRJS,Female,0,Yes,Yes,67,Yes,No,No internet service,No internet service,No internet service,Two year,Bank transfer (automatic),19.25,1372.9,0.0
9314-IJWSQ,Female,0,Yes,Yes,14,Yes,Fiber optic,No,No,Yes,Month-to-month,Electronic check,84.8,1203.9,0.0
0661-XEYAN,Female,1,No,No,1,Yes,DSL,No,No,No,Month-to-month,Mailed check,25.8,25.8,1.0
5799-JRCZO,Female,0,No,Yes,63,Yes,No,No internet service,No internet service,No internet service,Two year,Credit card (automatic),19.5,1215.1,0.0
1921-KYSAY,Female,0,No,No,41,Yes,DSL,No,Yes,No,One year,Electronic check,68.6,2877.05,0.0
6198-RTPMF,Female,0,Yes,No,17,No,Fiber optic,No,No,Yes,Month-to-month,Electronic check,92.6,1579.7,0.0
2924-KHUVI,Male,0,Yes,No,56,Yes,Fiber optic,Yes,No,Yes,One year,Electronic check,100.55,5514.95,0.0
1925-GMVBW,Female,0,No,No,5,Yes,No,No internet service,No internet service,No internet service,Month-to-month,Credit card (automatic),20.55,96.1,0.0
7881-EVUAD,Female,0,No,No,2,Yes,DSL,Yes,No,No,Month-to-month,Electronic check,42.6,72.4,1.0
6184-DYUOB,Female,0,Yes,No,3,Yes,No,No internet service,No internet service,No internet service,Month-to-month,Mailed check,19.6,55.25,0.0
9207-ZPANB,Male,0,No,No,37,Yes,DSL,Yes,Yes,No,One year,Electronic check,67.45,2443.3,0.0
5766-XQXMQ,Female,0,No,No,29,Yes,DSL,Yes,No,No,Month-to-month,Bank transfer (automatic),68.85,1970.5,1.0
9327-QSDED,Male,0,No,No,8,Yes,DSL,No,No,No,Month-to-month,Mailed check,43.55,335.4,0.0
1656-DRSMG,Female,0,No,No,63,Yes,Fiber optic,No,Yes,Yes,Month-to-month,Credit card (automatic),109.85,7002.95,0.0
3012-VFFMN,Female,0,Yes,Yes,7,No,No,No internet service,No internet service,No internet service,Month-to-month,Mailed check,20.65,158.95,0.0
2984-AFWNC,Female,0,No,No,3,Yes,Fiber optic,No,No,Yes,Month-to-month,Electronic check,95.4,293.15,0.0
0640-YJTPY,Male,0,Yes,Yes,72,Yes,No,No internet service,No internet service,No internet service,Two year,Bank transfer (automatic),21.0,1493.75,0.0
8096-LOIST,Female,0,No,No,19,Yes,DSL,No,No,No,Month-to-month,Electronic check,56.2,1093.4,0.0
9764-REAFF,Female,0,Yes,No,59,Yes,No,No internet service,No internet service,No internet service,Two year,Bank transfer (automatic),18.4,1057.85,0.0
3703-VAVCL,Male,0,Yes,Yes,2,Yes,Fiber optic,No,Yes,No,Month-to-month,Credit card (automatic),90.0,190.05,1.0
7107-UBYKY,Female,0,Yes,Yes,35,Yes,No,No internet service,No internet service,No internet service,Month-to-month,Electronic check,25.75,882.55,0.0
4881-GQJTW,Male,0,No,No,14,Yes,No,No internet service,No internet service,No internet service,Month-to-month,Credit card (automatic),19.6,300.4,0.0
8519-QJGJD,Female,0,No,No,14,Yes,Fiber optic,No,No,No,Month-to-month,Electronic check,75.35,1025.95,1.0
7876-DNYAP,Female,0,Yes,Yes,69,Yes,No,No internet service,No internet service,No internet service,Two year,Credit card (automatic),19.8,1436.95,0.0
7905-NJMXS,Male,1,Yes,No,7,Yes,DSL,Yes,Yes,No,Month-to-month,Electronic check,64.2,475.0,0.0
2882-WDTBA,Male,0,Yes,Yes,69,Yes,DSL,Yes,Yes,Yes,Two year,Bank transfer (automatic),75.75,5388.15,0.0
2091-GPPIQ,Female,0,Yes,Yes,72,Yes,DSL,No,Yes,Yes,Two year,Electronic check,78.95,5730.15,0.0
6326-MTTXK,Male,0,No,No,8,No,Fiber optic,No,No,Yes,Month-to-month,Electronic check,100.85,819.55,1.0
5071-FBJFS,Female,0,Yes,Yes,4,Yes,DSL,Yes,No,No,Month-to-month,Electronic check,50.3,217.1,0.0
2796-UUZZO,Male,0,Yes,Yes,63,Yes,Fiber optic,No,No,No,Month-to-month,Credit card (automatic),80.3,4896.35,0.0
2429-AYKKO,Male,0,No,No,72,Yes,No,No internet service,No internet service,No internet service,Two year,Bank transfer (automatic),19.85,1434.1,0.0
9798-OPFEM,Female,0,No,No,46,Yes,No,No internet service,No internet service,No internet service,Two year,Electronic check,21.1,937.1,0.0
0330-IVZHA,Female,0,Yes,No,5,Yes,Fiber optic,No,No,No,Month-to-month,Electronic check,69.95,330.15,1.0
3794-NFNCH,Male,0,Yes,No,30,Yes,DSL,No,No,No,Month-to-month,Mailed check,50.0,1474.9,0.0
5193-QLVZB,Male,0,No,No,63,Yes,Fiber optic,No,No,Yes,Two year,Bank transfer (automatic),104.75,6536.5,0.0
7114-AEOZE,Female,0,No,No,60,Yes,No,No internet service,No internet service,No internet service,Two year,Bank transfer (automatic),19.85,1128.1,0.0
2886-KEFUM,Female,0,Yes,No,63,Yes,Fiber optic,No,No,Yes,One year,Electronic check,107.5,6873.75,1.0
5522-NYKPB,Male,0,Yes,Yes,25,Yes,Fiber optic,No,Yes,Yes,Month-to-month,Electronic check,85.9,2199.05,0.0
4237-RLAQD,Male,0,No,No,1,Yes,DSL,No,No,No,Month-to-month,Mailed check,45.85,45.85,1.0
9957-YODKZ,Male,1,Yes,No,6,Yes,Fiber optic,No,No,No,Month-to-month,Electronic check,80.8,457.1,0.0
6518-KZXCB,Male,0,No,No,22,Yes,No,No internet service,No internet service,No internet service,Two year,Mailed check,25.25,566.5,0.0
2245-ADZFJ,Female,0,Yes,Yes,31,Yes,DSL,No,Yes,Yes,Two year,Bank transfer (automatic),80.55,2471.6,0.0
7776-QGYJC,Female,0,Yes,Yes,39,Yes,Fiber optic,No,Yes,No,Month-to-month,Bank transfer (automatic),81.5,3107.3,0.0
9313-QOLTZ,Male,0,No,No,26,Yes,No,No internet service,No internet service,No internet service,Month-to-month,Mailed check,20.9,518.3,0.0
9651-GTSAQ,Female,0,Yes,No,53,Yes,Fiber optic,Yes,No,Yes,One year,Bank transfer (automatic),106.1,5769.75,1.0
3186-BAXNB,Female,0,No,No,1,Yes,Fiber optic,No,Yes,Yes,Month-to-month,Electronic check,91.7,91.7,1.0
4672-FOTSD,Male,0,No,No,12,Yes,DSL,Yes,Yes,No,Month-to-month,Electronic check,67.25,832.3,0.0
0637-YLETY,Female,0,No,No,16,Yes,Fiber optic,No,No,No,Month-to-month,Credit card (automatic),95.6,1555.65,1.0
9818-XQCUV,Female,0,No,No,2,Yes,No,No internet service,No internet service,No internet service,Month-to-month,Mailed check,20.35,45.3,0.0
7338-ERIVA,Male,0,No,Yes,39,Yes,DSL,Yes,Yes,Yes,One year,Bank transfer (automatic),45.05,1790.6,0.0
1157-BQCUW,Male,0,No,No,1,Yes,Fiber optic,No,No,No,Month-to-month,Electronic check,74.95,74.95,1.0
8259-NFJTV,Female,0,Yes,Yes,7,Yes,DSL,Yes,Yes,No,Month-to-month,Mailed check,34.65,246.6,0.0
3223-DWFIO,Male,1,No,No,4,Yes,Fiber optic,No,No,No,Month-to-month,Electronic check,69.35,261.65,0.0
2660-EMUBI,Male,1,No,No,10,Yes,Fiber optic,No,No,Yes,Month-to-month,Electronic check,95.35,898.35,1.0
6968-GMKPR,Female,0,No,No,55,Yes,Fiber optic,No,No,No,Month-to-month,Electronic check,81.55,4509.5,0.0
4751-ERMAN,Male,0,Yes,Yes,72,Yes,DSL,No,No,Yes,Two year,Bank transfer (automatic),75.4,5480.25,0.0
1436-ZMJAN,Female,0,Yes,No,10,Yes,DSL,No,No,Yes,Month-to-month,Credit card (automatic),67.8,653.15,0.0
3292-PBZEJ,Male,1,No,No,11,Yes,Fiber optic,No,Yes,Yes,Month-to-month,Electronic check,111.4,1183.05,0.0
0799-DDIHE,Female,0,Yes,Yes,15,Yes,DSL,No,No,No,Month-to-month,Electronic check,46.3,639.45,0.0
3070-FNFZQ,Female,0,Yes,Yes,23,No,No,No internet service,No internet service,No internet service,Two year,Bank transfer (automatic),20.4,478.75,0.0
2812-SFXMJ,Male,0,No,Yes,1,Yes,No,No internet service,No internet service,No internet service,Month-to-month,Mailed check,20.05,20.05,0.0
7675-OZCZG,Female,1,No,No,3,Yes,DSL,No,No,No,Month-to-month,Electronic check,45.0,127.1,1.0
5014-WUQMG,Male,0,Yes,Yes,47,Yes,Fiber optic,Yes,No,No,One year,Electronic check,96.1,4391.45,0.0
5312-TSZVC,Female,0,No,Yes,15,Yes,No,No internet service,No internet service,No internet service,One year,Mailed check,19.65,270.6,0.0
2003-CKLOR,Male,0,No,No,66,Yes,Fiber optic,No,No,Yes,Month-to-month,Electronic check,99.5,6710.5,1.0
0993-OSGPT,Female,1,Yes,No,68,Yes,DSL,No,Yes,No,One year,Bank transfer (automatic),60.65,3975.9,0.0
9254-RBFON,Female,0,Yes,Yes,17,Yes,Fiber optic,No,Yes,Yes,One year,Bank transfer (automatic),98.6,1704.95,1.0
1205-WNWPJ,Female,0,No,No,7,Yes,DSL,No,Yes,Yes,Month-to-month,Mailed check,59.5,415.95,1.0
9391-EOYLI,Male,1,Yes,No,12,Yes,Fiber optic,No,No,No,Month-to-month,Electronic check,80.45,950.2,1.0
7108-DGVUU,Female,1,Yes,No,21,No,DSL,No,No,No,One year,Bank transfer (automatic),71.7,1497.05,0.0
2782-JEEBU,Male,0,No,No,21,Yes,DSL,No,Yes,No,Month-to-month,Mailed check,36.0,780.15,0.0
5127-BZENZ,Female,0,Yes,Yes,56,Yes,DSL,Yes,No,Yes,One year,Bank transfer (automatic),65.2,3512.15,0.0
2720-FVBQP,Female,0,Yes,Yes,6,Yes,DSL,No,No,No,Month-to-month,Credit card (automatic),48.95,273.25,0.0
9906-NHHVC,Female,1,No,No,65,Yes,DSL,No,No,Yes,Two year,Bank transfer (automatic),53.5,3517.9,0.0
4522-XRWWI,Male,0,Yes,No,42,Yes,DSL,Yes,Yes,Yes,One year,Credit card (automatic),80.45,3375.9,0.0
3766-EJLFL,Female,0,Yes,Yes,68,Yes,Fiber optic,Yes,Yes,Yes,Two year,Bank transfer (automatic),109.05,7508.55,0.0
5939-SXWHM,Male,0,Yes,Yes,48,Yes,No,No internet service,No internet service,No internet service,Two year,Bank transfer (automatic),26.3,1245.05,0.0
8152-UOBNY,Female,1,No,No,50,Yes,Fiber optic,No,Yes,Yes,One year,Electronic check,106.8,5347.95,0.0
7351-KYHQH,Female,1,No,No,7,Yes,DSL,No,No,Yes,Month-to-month,Electronic check,64.95,493.65,0.0
7643-RCHXS,Female,0,Yes,Yes,63,Yes,No,No internet service,No internet service,No internet service,Two year,Electronic check,19.35,1263.85,0.0
8246-SHFGA,Male,0,No,No,17,Yes,No,No internet service,No internet service,No internet service,Month-to-month,Credit card (automatic),21.1,385.55,0.0
8387-MOJJT,Female,0,Yes,Yes,42,No,Fiber optic,No,No,Yes,Month-to-month,Credit card (automatic),77.95,3384.0,1.0
0620-XEFWH,Male,0,Yes,Yes,4,Yes,No,No internet service,No internet service,No internet service,Month-to-month,Mailed check,18.85,84.2,0.0
6485-QXWWE,Female,0,No,Yes,62,Yes,No,No internet service,No internet service,No internet service,Two year,Bank transfer (automatic),26.0,1638.7,0.0
2761-OCIAX,Male,1,No,No,2,Yes,Fiber optic,No,No,No,Month-to-month,Electronic check,74.7,165.4,1.0
7321-VGNKU,Female,0,Yes,No,2,Yes,Fiber optic,No,No,No,Month-to-month,Electronic check,70.35,120.25,0.0
5327-CNLUQ,Male,0,Yes,No,48,Yes,Fiber optic,Yes,No,Yes,Two year,Bank transfer (automatic),96.9,4473.45,0.0
7552-KEYGT,Male,0,Yes,No,27,No,No,No internet service,No internet service,No internet service,Two year,Bank transfer (automatic),19.55,520.55,0.0
5816-JMLGY,Female,0,Yes,Yes,70,Yes,DSL,No,Yes,Yes,Two year,Bank transfer (automatic),80.4,5717.85,0.0
3068-OMWZA,Male,1,No,No,1,Yes,Fiber optic,No,No,Yes,Month-to-month,Electronic check,88.8,88.8,1.0
2927-QRRQV,Male,0,Yes,No,46,Yes,Fiber optic,No,No,Yes,One year,Electronic check,94.65,4312.5,0.0
6032-KRXXO,Male,0,No,No,30,No,Fiber optic,No,No,Yes,Month-to-month,Electronic check,90.25,2755.35,1.0
7459-RRWQZ,Female,0,No,No,15,Yes,DSL,Yes,No,No,Month-to-month,Bank transfer (automatic),64.65,994.55,1.0
6265-SXWBU,Male,0,Yes,Yes,69,Yes,Fiber optic,No,No,Yes,One year,Credit card (automatic),95.75,6511.25,0.0
7941-RCJOW,Male,0,No,No,65,Yes,No,No internet service,No internet service,No internet service,Two year,Credit card (automatic),19.55,1218.65,0.0
6374-NTQLP,Male,1,Yes,Yes,72,Yes,Fiber optic,Yes,Yes,Yes,Two year,Credit card (automatic),104.1,7447.7,0.0
4154-AQUGT,Male,1,Yes,No,13,Yes,Fiber optic,No,Yes,No,Month-to-month,Bank transfer (automatic),89.05,1169.35,1.0
2387-KDZQY,Male,0,No,No,17,Yes,No,No internet service,No internet service,No internet service,One year,Mailed check,20.1,279.5,0.0
3584-WKTTW,Male,0,Yes,No,51,Yes,Fiber optic,Yes,Yes,Yes,One year,Electronic check,111.55,5720.35,0.0
3399-BMLVW,Male,0,Yes,Yes,51,Yes,DSL,Yes,Yes,No,Two year,Credit card (automatic),60.5,3121.45,0.0
1971-DTCZB,Female,0,Yes,No,72,Yes,DSL,Yes,Yes,Yes,Two year,Bank transfer (automatic),90.95,6468.6,0.0
3092-IGHWF,Male,0,Yes,Yes,67,Yes,Fiber optic,No,No,No,One year,Electronic check,87.4,5918.8,1.0
3374-PZLXD,Male,0,No,No,34,Yes,No,No internet service,No internet service,No internet service,Month-to-month,Mailed check,19.7,675.6,0.0
3813-DHBBB,Male,0,Yes,No,67,Yes,DSL,Yes,Yes,No,Two year,Bank transfer (automatic),50.95,3521.7,0.0
2812-REYAT,Female,0,Yes,No,49,Yes,No,No internet service,No internet service,No internet service,One year,Bank transfer (automatic),20.05,923.1,0.0
6518-PPLMZ,Male,0,Yes,Yes,53,Yes,No,No internet service,No internet service,No internet service,Two year,Mailed check,19.4,1110.35,0.0
4939-KYYPY,Male,0,No,No,27,Yes,DSL,No,Yes,No,Month-to-month,Electronic check,59.45,1611.65,0.0
8017-LXHFA,Female,1,No,No,23,Yes,Fiber optic,No,No,Yes,Month-to-month,Electronic check,94.75,2293.6,1.0
5930-GBIWP,Male,0,No,No,69,Yes,DSL,Yes,Yes,No,Two year,Credit card (automatic),81.5,5553.25,0.0
6022-KOUQO,Female,0,Yes,Yes,2,Yes,DSL,No,Yes,No,Month-to-month,Bank transfer (automatic),29.05,44.75,0.0
6352-TWCAU,Female,0,No,No,35,Yes,Fiber optic,No,No,Yes,Month-to-month,Electronic check,86.45,3029.1,1.0
2361-UPSND,Female,0,Yes,No,46,No,DSL,Yes,Yes,No,One year,Mailed check,70.6,3231.05,0.0
6035-RIIOM,Female,0,No,No,54,Yes,Fiber optic,No,No,Yes,Two year,Bank transfer (automatic),97.2,5129.45,0.0
2929-QNSRW,Female,0,Yes,No,56,Yes,Fiber optic,No,No,Yes,One year,Electronic check,98.25,5508.35,1.0
1262-OPMFY,Female,0,Yes,No,9,Yes,Fiber optic,No,No,No,Month-to-month,Bank transfer (automatic),75.75,655.9,1.0
9504-DSHWM,Male,0,No,No,20,Yes,DSL,Yes,Yes,No,Month-to-month,Bank transfer (automatic),59.2,1191.2,0.0
5035-BVCXS,Male,0,No,No,11,Yes,Fiber optic,No,No,No,Month-to-month,Mailed check,75.9,866.4,0.0
6267-DCFFZ,Female,1,Yes,No,30,Yes,Fiber optic,No,No,Yes,Month-to-month,Electronic check,90.05,2627.2,0.0
3533-UVMOM,Male,0,Yes,No,68,Yes,DSL,Yes,No,No,Two year,Bank transfer (automatic),70.95,4741.45,0.0
2439-LYPMQ,Male,1,Yes,No,38,Yes,Fiber optic,No,No,Yes,Month-to-month,Electronic check,102.6,4009.2,0.0
4248-QPAVC,Female,1,Yes,No,17,Yes,Fiber optic,Yes,No,No,Month-to-month,Bank transfer (automatic),85.35,1463.45,1.0
1899-VXWXM,Male,0,No,No,48,Yes,Fiber optic,No,No,Yes,One year,Credit card (automatic),106.1,5082.8,1.0
1478-VPOAD,Female,0,No,No,1,Yes,DSL,No,No,No,Month-to-month,Electronic check,43.8,43.8,0.0
9995-HOTOH,Male,0,Yes,Yes,63,Yes,DSL,Yes,No,Yes,Two year,Electronic check,59.0,3707.6,0.0
2988-PLAHS,Female,0,No,No,3,Yes,DSL,No,No,Yes,One year,Electronic check,69.95,220.45,0.0
1371-OJCEK,Female,0,No,No,48,Yes,No,No internet service,No internet service,No internet service,One year,Bank transfer (automatic),24.35,1133.7,0.0
4999-IEZLT,Male,0,No,No,66,Yes,DSL,No,Yes,No,One year,Credit card (automatic),29.45,1983.15,0.0
8883-ANODQ,Female,0,Yes,Yes,68,Yes,Fiber optic,No,No,No,Two year,Credit card (automatic),84.4,5746.75,0.0
4690-LLKUA,Male,1,No,No,17,Yes,DSL,No,No,No,Month-to-month,Electronic check,45.05,770.6,1.0
2351-RRBUE,Female,0,Yes,Yes,7,Yes,No,No internet service,No internet service,No internet service,One year,Mailed check,20.65,134.05,0.0
5980-BDHPY,Male,0,Yes,No,72,Yes,DSL,Yes,Yes,Yes,Two year,Bank transfer (automatic),87.1,6230.1,0.0
1498-DQNRX,Female,0,Yes,No,29,Yes,No,No internet service,No internet service,No internet service,Month-to-month,Mailed check,19.85,573.05,0.0
9469-WEJBT,Male,0,Yes,No,37,Yes,Fiber optic,No,Yes,No,Month-to-month,Electronic check,90.35,3419.3,0.0
3331-HQDTW,Female,0,No,No,34,Yes,Fiber optic,Yes,No,Yes,Month-to-month,Mailed check,109.8,3587.25,1.0
9490-DFPMD,Female,1,No,No,42,Yes,Fiber optic,No,No,Yes,Month-to-month,Electronic check,84.65,3541.35,1.0
2581-VKIRT,Female,0,Yes,Yes,59,Yes,DSL,Yes,Yes,No,One year,Mailed check,65.5,3801.3,0.0
5442-XSDCW,Male,0,Yes,Yes,11,Yes,Fiber optic,No,No,Yes,Month-to-month,Bank transfer (automatic),79.5,868.5,1.0
7426-WEIJX,Male,1,Yes,Yes,60,Yes,Fiber optic,Yes,No,No,Month-to-month,Electronic check,80.95,4859.1,0.0
2851-MMUTZ,Female,0,No,No,27,Yes,DSL,No,Yes,No,Month-to-month,Mailed check,56.15,1439.35,0.0
3049-NDXFL,Female,0,No,No,1,Yes,Fiber optic,No,No,No,Month-to-month,Mailed check,85.8,85.8,1.0
8580-AECUZ,Male,1,No,No,1,Yes,Fiber optic,No,No,Yes,Month-to-month,Electronic check,79.1,79.1,1.0
3307-TLCUD,Male,0,Yes,No,17,No,DSL,Yes,No,No,Month-to-month,Mailed check,34.4,592.75,0.0
6625-FLENO,Male,0,Yes,No,58,Yes,No,No internet service,No internet service,No internet service,Two year,Mailed check,20.75,1185.95,0.0
2967-MXRAV,Male,0,Yes,Yes,1,Yes,No,No internet service,No internet service,No internet service,One year,Mailed check,18.8,18.8,0.0
7963-GQRMY,Female,0,Yes,Yes,3,Yes,DSL,No,No,No,Month-to-month,Mailed check,44.3,134.5,1.0
8189-HBVRW,Female,0,No,No,53,Yes,Fiber optic,Yes,No,No,Month-to-month,Electronic check,90.8,4921.2,0.0
4163-KIUHY,Male,0,No,No,35,Yes,No,No internet service,No internet service,No internet service,Month-to-month,Electronic check,25.6,901.25,0.0
1228-FZFRV,Male,0,Yes,Yes,50,Yes,Fiber optic,Yes,No,Yes,Month-to-month,Credit card (automatic),105.95,5341.8,1.0
3500-NSDOA,Male,0,Yes,Yes,68,Yes,DSL,No,Yes,No,Two year,Credit card (automatic),70.8,4859.95,0.0
1171-TYKUR,Male,0,Yes,No,47,Yes,No,No internet service,No internet service,No internet service,Month-to-month,Electronic check,25.4,1139.2,0.0
3761-FLYZI,Female,1,Yes,No,65,Yes,Fiber optic,No,No,Yes,Month-to-month,Bank transfer (automatic),108.8,7082.45,0.0
2058-DCJBE,Male,0,No,No,5,Yes,Fiber optic,No,No,No,Month-to-month,Electronic check,69.75,324.6,1.0
5364-XYIRR,Male,0,Yes,No,51,Yes,Fiber optic,No,No,Yes,Month-to-month,Electronic check,94.65,4812.75,1.0
4829-AUOAX,Female,0,No,No,46,Yes,Fiber optic,No,No,Yes,Month-to-month,Bank transfer (automatic),96.05,4399.5,1.0
1219-NNDDO,Female,0,No,No,9,Yes,Fiber optic,No,No,No,Month-to-month,Electronic check,76.85,663.55,0.0
8388-DMKAE,Female,0,No,No,8,Yes,No,No internet service,No internet service,No internet service,Two year,Mailed check,20.25,174.65,0.0
4403-BWPAY,Male,0,No,No,14,Yes,No,No internet service,No internet service,No internet service,One year,Credit card (automatic),24.8,321.7,0.0
9659-QEQSY,Female,0,No,No,45,Yes,Fiber optic,Yes,Yes,Yes,Month-to-month,Electronic check,115.65,5125.5,0.0
5405-ZMYXQ,Female,0,No,No,8,Yes,Fiber optic,No,No,No,Month-to-month,Credit card (automatic),74.6,548.9,0.0
5047-LHVLY,Male,1,No,Yes,1,Yes,DSL,No,No,No,Month-to-month,Mailed check,50.15,50.15,1.0
1442-OKRJE,Male,0,Yes,Yes,66,Yes,Fiber optic,Yes,No,Yes,One year,Bank transfer (automatic),103.15,7031.3,0.0
4737-AQCPU,Male,0,Yes,Yes,72,Yes,DSL,Yes,Yes,No,Two year,Credit card (automatic),72.1,5016.65,0.0
9158-VCTQB,Female,0,Yes,No,41,Yes,Fiber optic,Yes,Yes,Yes,Month-to-month,Bank transfer (automatic),113.6,4594.95,1.0
2808-CHTDM,Female,0,Yes,Yes,23,Yes,No,No internet service,No internet service,No internet service,Two year,Mailed check,25.1,611.45,0.0
6311-UEUME,Female,0,No,No,29,Yes,Fiber optic,No,No,Yes,Month-to-month,Electronic check,78.9,2384.15,1.0
0793-TWELN,Female,0,No,No,4,Yes,Fiber optic,Yes,No,No,Month-to-month,Electronic check,80.15,319.85,0.0
3283-WCWXT,Male,0,Yes,Yes,6,Yes,No,No internet service,No internet service,No internet service,Two year,Mailed check,25.4,153.3,0.0
1060-ENTOF,Female,1,Yes,No,67,Yes,Fiber optic,Yes,Yes,No,One year,Credit card (automatic),105.4,7035.6,0.0
0999-QXNSA,Male,1,No,Yes,7,Yes,DSL,No,No,No,Month-to-month,Mailed check,45.75,344.2,0.0
5451-MHQOF,Male,0,Yes,Yes,56,Yes,No,No internet service,No internet service,No internet service,One year,Mailed check,24.45,1431.65,0.0
4836-WNFNO,Female,0,Yes,No,72,Yes,No,No internet service,No internet service,No internet service,Two year,Credit card (automatic),25.0,1849.2,0.0
9225-BZLNZ,Male,0,Yes,No,72,Yes,DSL,Yes,No,Yes,Two year,Electronic check,85.25,6083.1,0.0
0354-VXMJC,Male,0,Yes,Yes,23,Yes,No,No internet service,No internet service,No internet service,Two year,Credit card (automatic),19.6,426.65,0.0
4422-QVIJA,Female,0,No,Yes,35,Yes,DSL,No,No,No,Month-to-month,Mailed check,50.15,1655.35,0.0
9365-SRSZE,Male,1,Yes,No,27,Yes,Fiber optic,No,No,No,Month-to-month,Electronic check,70.55,1943.9,0.0
6839-ITVZJ,Female,0,Yes,Yes,26,Yes,DSL,No,Yes,No,Month-to-month,Electronic check,60.05,1616.15,1.0
8332-OSJDW,Male,0,Yes,Yes,12,Yes,No,No internet service,No internet service,No internet service,One year,Mailed check,26.4,314.95,0.0
4735-BJKOU,Female,0,No,No,40,Yes,No,No internet service,No internet service,No internet service,Two year,Mailed check,20.15,804.85,0.0
0274-JKUJR,Male,0,Yes,Yes,7,No,DSL,Yes,No,Yes,Month-to-month,Mailed check,58.85,465.7,0.0
5740-YHGTW,Male,0,Yes,Yes,70,Yes,Fiber optic,Yes,No,Yes,Month-to-month,Credit card (automatic),97.55,6669.05,0.0
8917-SZTTJ,Male,0,Yes,Yes,60,Yes,No,No internet service,No internet service,No internet service,Two year,Credit card (automatic),19.65,1161.75,0.0
1696-MZVAU,Male,0,Yes,Yes,39,No,DSL,No,No,No,One year,Credit card (automatic),25.25,947.75,0.0
7359-WWYJV,Male,0,Yes,No,72,Yes,Fiber optic,Yes,Yes,Yes,Two year,Credit card (automatic),114.45,8375.05,0.0
0375-HVGXO,Female,0,No,No,1,No,DSL,No,No,Yes,Month-to-month,Electronic check,34.7,34.7,1.0
4906-ZHGPK,Male,0,Yes,Yes,54,Yes,DSL,No,Yes,Yes,One year,Electronic check,70.7,3770.0,0.0
8593-WHYHV,Male,0,No,No,3,Yes,Fiber optic,No,No,No,Month-to-month,Electronic check,85.3,264.8,1.0
3795-GWTRD,Female,0,Yes,Yes,63,Yes,DSL,Yes,Yes,Yes,Two year,Credit card (automatic),75.55,4707.85,0.0
1298-PHBTI,Male,0,Yes,Yes,71,Yes,Fiber optic,No,Yes,No,Two year,Electronic check,84.8,6152.4,0.0
6223-DHJGV,Female,0,No,No,42,Yes,No,No internet service,No internet service,No internet service,One year,Mailed check,20.65,958.1,0.0
6961-MJKBO,Male,0,No,No,47,Yes,No,No internet service,No internet service,No internet service,Two year,Bank transfer (automatic),20.45,943.0,0.0
6097-EQISJ,Female,0,Yes,Yes,66,Yes,Fiber optic,No,No,Yes,One year,Credit card (automatic),102.45,6615.15,1.0
4423-YLHDV,Female,0,Yes,No,21,Yes,Fiber optic,Yes,No,Yes,Month-to-month,Bank transfer (automatic),104.4,2200.25,1.0
8158-WPEZG,Male,0,No,No,11,No,DSL,No,Yes,No,Month-to-month,Electronic check,35.65,425.1,0.0
0107-YHINA,Male,0,No,Yes,1,Yes,Fiber optic,No,No,Yes,Month-to-month,Electronic check,99.75,99.75,1.0
4918-FYJNT,Female,1,Yes,No,55,Yes,Fiber optic,No,Yes,No,Month-to-month,Electronic check,90.45,5044.8,0.0
0727-BNRLG,Male,0,No,No,69,Yes,Fiber optic,No,Yes,Yes,Two year,Credit card (automatic),97.65,6743.55,0.0
4854-CIDCF,Female,1,No,No,3,Yes,Fiber optic,No,No,No,Month-to-month,Electronic check,73.85,196.4,0.0
8640-SDGKB,Male,0,No,No,4,Yes,DSL,No,Yes,Yes,Month-to-month,Electronic check,74.4,299.7,1.0
3280-MRDOF,Male,1,No,No,30,Yes,DSL,No,Yes,Yes,Two year,Credit card (automatic),69.1,2093.9,0.0
6435-SRWBJ,Female,0,No,No,5,Yes,Fiber optic,No,Yes,No,Month-to-month,Electronic check,82.75,417.75,0.0
9964-WBQDJ,Female,0,Yes,No,71,Yes,No,No internet service,No internet service,No internet service,Two year,Credit card (automatic),24.4,1725.4,0.0
6303-KFWSL,Female,0,No,No,29,Yes,DSL,No,No,No,One year,Electronic check,55.25,1620.2,0.0
1702-CCFNJ,Male,0,Yes,No,52,Yes,DSL,No,Yes,No,Month-to-month,Bank transfer (automatic),61.35,3169.55,0.0
8932-CZHRQ,Male,0,No,No,68,Yes,DSL,Yes,No,No,One year,Credit card (automatic),76.75,5233.25,0.0
0386-CWRGM,Female,0,Yes,Yes,46,Yes,No,No internet service,No internet service,No internet service,Two year,Mailed check,19.4,967.85,0.0
5515-RUGKN,Male,0,No,No,8,Yes,DSL,No,No,No,Month-to-month,Credit card (automatic),54.75,438.05,0.0
0404-AHASP,Male,0,Yes,No,72,Yes,No,No internet service,No internet service,No internet service,Two year,Credit card (automatic),19.7,1421.9,0.0
7279-NMVJC,Female,0,No,No,17,Yes,No,No internet service,No internet service,No internet service,One year,Bank transfer (automatic),19.9,323.15,0.0
2081-VEYEH,Male,0,No,No,3,Yes,Fiber optic,No,Yes,Yes,Month-to-month,Electronic check,107.95,318.6,0.0
6407-UTSLV,Female,1,No,No,2,Yes,Fiber optic,No,No,Yes,Month-to-month,Bank transfer (automatic),83.8,163.7,0.0
4116-TZAQJ,Female,0,No,No,9,Yes,Fiber optic,Yes,No,No,Month-to-month,Credit card (automatic),74.25,639.65,1.0
9060-HJJRW,Female,0,No,No,51,No,DSL,No,No,Yes,One year,Credit card (automatic),56.4,2928.5,0.0
2587-YNLES,Female,0,Yes,Yes,6,Yes,No,No internet service,No internet service,No internet service,Two year,Mailed check,20.1,100.35,0.0
7398-SKNQZ,Female,0,Yes,No,3,Yes,Fiber optic,No,No,Yes,Month-to-month,Electronic check,94.9,273.2,0.0
5935-FCCNB,Female,1,No,No,17,Yes,Fiber optic,No,No,Yes,Month-to-month,Electronic check,94.2,1608.15,0.0
1958-RNRKS,Male,0,Yes,No,30,Yes,DSL,No,No,No,Month-to-month,Electronic check,49.9,1441.95,0.0
5136-RGMZO,Male,0,No,No,31,Yes,DSL,No,Yes,Yes,Month-to-month,Electronic check,71.05,2168.15,0.0
8345-MVDYC,Female,0,No,No,45,Yes,DSL,Yes,Yes,Yes,Two year,Bank transfer (automatic),81.65,3618.7,0.0
8226-BXGES,Male,0,Yes,No,64,Yes,Fiber optic,Yes,No,No,One year,Bank transfer (automatic),89.45,5692.65,0.0
3877-JRJIP,Male,0,No,No,1,Yes,DSL,No,No,Yes,Month-to-month,Electronic check,59.85,59.85,1.0
8375-DKEBR,Female,1,No,No,1,Yes,Fiber optic,No,No,No,Month-to-month,Electronic check,69.6,69.6,1.0
9705-IOVQQ,Male,1,Yes,Yes,61,Yes,Fiber optic,No,No,Yes,One year,Electronic check,99.0,5969.3,0.0
1015-OWJKI,Male,0,No,No,1,Yes,No,No internet service,No internet service,No internet service,Month-to-month,Mailed check,19.05,19.05,0.0
7511-YMXVQ,Male,0,No,No,9,No,DSL,No,No,Yes,Month-to-month,Electronic check,45.4,418.8,1.0
2040-XBAVJ,Male,0,Yes,Yes,72,Yes,Fiber optic,Yes,Yes,Yes,Two year,Bank transfer (automatic),114.45,8100.55,0.0
7551-JOHTI,Female,0,No,No,1,Yes,No,No internet service,No internet service,No internet service,Month-to-month,Mailed check,19.5,19.5,1.0
8887-IPQNC,Female,0,Yes,No,7,Yes,DSL,No,No,No,Month-to-month,Mailed check,44.25,313.45,0.0
8646-JCOMS,Female,0,Yes,No,66,Yes,Fiber optic,No,Yes,No,One year,Bank transfer (automatic),90.55,6130.95,0.0
9804-ICWBG,Male,0,No,No,1,Yes,Fiber optic,No,No,No,Month-to-month,Electronic check,69.9,69.9,1.0
1222-KJNZD,Male,0,Yes,Yes,40,Yes,No,No internet service,No internet service,No internet service,Month-to-month,Bank transfer (automatic),20.4,745.3,0.0
0106-GHRQR,Male,0,No,No,16,Yes,DSL,No,No,No,Month-to-month,Bank transfer (automatic),71.4,1212.1,0.0
5318-IXUZF,Female,0,No,No,2,Yes,Fiber optic,No,No,Yes,Month-to-month,Bank transfer (automatic),87.15,183.75,1.0
3768-VHXQO,Male,0,Yes,No,67,Yes,No,No internet service,No internet service,No internet service,Two year,Credit card (automatic),24.85,1583.5,0.0
8952-WCVCD,Female,0,Yes,No,41,Yes,Fiber optic,Yes,No,Yes,One year,Bank transfer (automatic),104.45,4162.05,0.0
2418-TPEUN,Female,0,Yes,Yes,56,Yes,No,No internet service,No internet service,No internet service,Two year,Credit card (automatic),19.8,1119.9,0.0
3963-RYFNS,Female,0,No,No,72,Yes,Fiber optic,Yes,Yes,Yes,Two year,Bank transfer (automatic),116.45,8013.55,0.0
3198-VELRD,Female,0,Yes,Yes,3,Yes,Fiber optic,No,No,No,Month-to-month,Bank transfer (automatic),84.75,264.85,1.0
8540-ZQGEA,Female,0,Yes,No,54,Yes,No,No internet service,No internet service,No internet service,Two year,Credit card (automatic),20.05,1102.4,0.0
1320-REHCS,Male,1,No,No,52,Yes,Fiber optic,No,Yes,Yes,Month-to-month,Electronic check,110.75,5832.0,0.0
4137-JOPHL,Female,0,No,No,50,Yes,Fiber optic,No,Yes,No,Two year,Bank transfer (automatic),89.7,4304.5,0.0
9436-ZBZCT,Male,0,No,No,14,Yes,Fiber optic,No,Yes,Yes,Month-to-month,Electronic check,89.95,1178.4,1.0
7801-CEDNV,Male,0,Yes,No,27,Yes,DSL,Yes,No,No,One year,Credit card (automatic),48.7,1421.75,0.0
2057-BOYKM,Female,1,Yes,No,72,Yes,Fiber optic,Yes,Yes,No,Two year,Bank transfer (automatic),96.6,6827.5,0.0
3658-QQJYD,Male,0,No,No,62,Yes,DSL,Yes,No,Yes,One year,Credit card (automatic),74.3,4698.05,0.0
1803-BGNBD,Female,0,No,No,12,Yes,DSL,No,Yes,No,Month-to-month,Electronic check,54.3,654.5,0.0
0134-XWXCE,Female,1,No,No,44,Yes,DSL,No,Yes,Yes,One year,Bank transfer (automatic),74.85,3268.05,0.0
6950-TWMYB,Male,0,Yes,Yes,54,Yes,Fiber optic,No,Yes,No,Two year,Bank transfer (automatic),79.95,4362.05,0.0
5848-FHRFC,Female,0,No,No,68,Yes,No,No internet service,No internet service,No internet service,Two year,Bank transfer (automatic),20.05,1386.9,0.0
2243-FNMMI,Male,0,No,No,20,Yes,No,No internet service,No internet service,No internet service,Month-to-month,Mailed check,19.4,415.4,0.0
2511-MORQY,Male,0,Yes,Yes,50,Yes,DSL,No,No,No,One year,Bank transfer (automatic),54.9,2614.1,0.0
5356-KZCKT,Male,0,No,No,58,Yes,No,No internet service,No internet service,No internet service,Two year,Credit card (automatic),24.45,1513.6,0.0
9470-XCCEM,Male,0,Yes,Yes,35,Yes,Fiber optic,No,No,Yes,Month-to-month,Bank transfer (automatic),89.65,3161.6,0.0
6519-CFDBX,Female,0,No,No,2,Yes,DSL,No,No,No,Month-to-month,Electronic check,45.4,80.95,0.0
3902-MIVLE,Male,0,Yes,Yes,63,Yes,DSL,Yes,Yes,No,Two year,Mailed check,75.7,4676.7,0.0
0409-WTMPL,Female,0,Yes,No,58,Yes,Fiber optic,Yes,No,Yes,One year,Credit card (automatic),110.65,6526.65,0.0
8763-KIAFH,Female,0,Yes,Yes,27,Yes,No,No internet service,No internet service,No internet service,One year,Mailed check,20.55,583.3,0.0
3669-WHAFY,Female,0,Yes,No,71,Yes,Fiber optic,Yes,Yes,Yes,Two year,Credit card (automatic),115.15,8078.1,0.0
3055-VTCGS,Female,0,No,No,63,Yes,DSL,No,No,No,One year,Credit card (automatic),58.55,3503.5,0.0
3144-KMTWZ,Male,0,Yes,No,71,Yes,Fiber optic,No,No,No,Month-to-month,Bank transfer (automatic),93.25,6669.45,0.0
7279-BUYWN,Female,1,No,No,41,Yes,Fiber optic,Yes,No,Yes,Month-to-month,Electronic check,113.2,4689.5,1.0
7156-MHUGY,Male,1,No,No,13,Yes,Fiber optic,No,No,Yes,Month-to-month,Electronic check,90.5,1201.15,1.0
7198-GLXTC,Male,0,No,No,2,Yes,Fiber optic,No,No,Yes,Month-to-month,Electronic check,79.0,143.65,1.0
2007-QVGAW,Female,0,Yes,Yes,68,Yes,No,No internet service,No internet service,No internet service,Two year,Bank transfer (automatic),19.35,1292.65,0.0
5207-PLSTK,Male,0,Yes,Yes,1,Yes,DSL,Yes,No,No,Month-to-month,Mailed check,48.75,48.75,0.0
2307-FYNNL,Male,1,No,No,65,Yes,Fiber optic,Yes,Yes,Yes,Two year,Electronic check,109.05,7108.2,0.0
5605-XNWEN,Male,1,Yes,No,72,Yes,No,No internet service,No internet service,No internet service,Two year,Bank transfer (automatic),25.0,1802.55,0.0
2155-AMQRX,Female,0,No,No,28,Yes,DSL,No,Yes,No,Month-to-month,Credit card (automatic),54.9,1505.15,0.0
6181-AXXYF,Male,0,Yes,Yes,72,Yes,No,No internet service,No internet service,No internet service,Two year,Credit card (automatic),24.75,1859.1,0.0
5091-HFAZW,Female,0,No,No,2,Yes,Fiber optic,Yes,No,Yes,Month-to-month,Electronic check,91.15,168.5,0.0
0516-VRYBW,Female,0,No,Yes,18,Yes,No,No internet service,No internet service,No internet service,One year,Bank transfer (automatic),20.15,390.85,1.0
2519-LBNQL,Male,1,Yes,No,60,Yes,Fiber optic,No,No,Yes,One year,Electronic check,104.35,6339.45,0.0
8623-ULFNQ,Female,1,No,No,26,Yes,DSL,No,Yes,No,Month-to-month,Electronic check,66.05,1652.4,0.0
8380-PEFPE,Male,0,No,Yes,1,Yes,Fiber optic,No,No,No,Month-to-month,Electronic check,71.65,71.65,1.0
5687-DKDTV,Female,0,No,No,4,Yes,No,No internet service,No internet service,No internet service,Month-to-month,Mailed check,20.35,77.5,1.0
1568-LJSZU,Male,0,Yes,Yes,68,Yes,DSL,Yes,Yes,Yes,Two year,Credit card (automatic),92.2,6392.85,0.0
7530-HDYDS,Female,0,No,No,38,Yes,Fiber optic,No,Yes,No,Month-to-month,Credit card (automatic),84.25,3264.5,1.0
7789-HKSBS,Female,1,Yes,No,42,Yes,Fiber optic,Yes,No,Yes,One year,Bank transfer (automatic),105.2,4599.15,0.0
7416-CKTEP,Female,0,Yes,No,57,Yes,No,No internet service,No internet service,No internet service,Two year,Bank transfer (automatic),19.6,1134.25,0.0
2586-CWXVV,Male,0,Yes,No,54,No,DSL,No,No,No,Month-to-month,Electronic check,30.4,1621.35,0.0
3096-IZETN,Female,0,No,No,12,Yes,Fiber optic,No,No,No,Month-to-month,Bank transfer (automatic),78.1,947.3,1.0
2348-KCJLT,Female,0,Yes,No,44,Yes,DSL,Yes,No,No,One year,Mailed check,61.5,2722.2,0.0
8401-EMUWF,Male,0,Yes,Yes,42,Yes,DSL,Yes,No,Yes,Month-to-month,Bank transfer (automatic),69.4,3058.3,0.0
4193-IBKSW,Male,0,Yes,Yes,72,Yes,No,No internet service,No internet service,No internet service,Two year,Bank transfer (automatic),24.75,1769.6,0.0
5377-NDTOU,Female,0,Yes,Yes,71,Yes,DSL,Yes,Yes,Yes,Two year,Mailed check,91.05,6293.75,0.0
5922-ABDVO,Female,0,Yes,No,19,Yes,Fiber optic,No,No,No,Month-to-month,Mailed check,89.65,1761.05,1.0
2474-LCNUE,Female,0,Yes,No,23,Yes,DSL,No,Yes,Yes,Month-to-month,Credit card (automatic),73.65,1642.75,0.0
0839-QNXME,Female,0,No,No,30,Yes,No,No internet service,No internet service,No internet service,Two year,Credit card (automatic),19.4,578.5,0.0
3506-OVLKD,Male,0,No,No,35,Yes,No,No internet service,No internet service,No internet service,One year,Bank transfer (automatic),26.2,954.9,0.0
9172-ANCRX,Female,0,No,No,10,Yes,Fiber optic,Yes,No,Yes,Month-to-month,Electronic check,98.7,973.25,1.0
6650-VJONK,Male,0,No,No,1,Yes,DSL,No,No,No,Month-to-month,Bank transfer (automatic),43.85,43.85,0.0
2178-PMGCJ,Male,0,No,No,22,Yes,Fiber optic,No,No,No,Month-to-month,Mailed check,69.7,1490.4,0.0
7492-TAFJD,Male,0,Yes,Yes,7,No,DSL,Yes,No,No,Two year,Mailed check,38.55,280.0,0.0
2773-MADBQ,Female,0,No,No,36,No,DSL,Yes,Yes,No,Two year,Mailed check,53.1,1901.25,0.0
6016-LVTJQ,Female,0,Yes,Yes,34,Yes,No,No internet service,No internet service,No internet service,Month-to-month,Mailed check,20.65,716.4,0.0
7860-KSUGX,Male,0,Yes,Yes,72,Yes,DSL,Yes,No,No,Two year,Credit card (automatic),64.45,4720.0,0.0
8966-KZXXA,Male,0,Yes,Yes,36,Yes,No,No internet service,No internet service,No internet service,Two year,Credit card (automatic),25.1,930.95,0.0
6910-HADCM,Female,0,No,No,1,Yes,Fiber optic,No,No,No,Month-to-month,Electronic check,76.35,76.35,1.0
4816-LXZYW,Female,0,No,No,23,Yes,Fiber optic,No,No,No,Month-to-month,Electronic check,79.15,1676.95,1.0
9606-PBKBQ,Male,1,Yes,No,32,Yes,Fiber optic,No,No,No,Month-to-month,Electronic check,85.0,2642.05,1.0
5149-QYTTU,Female,0,Yes,Yes,71,Yes,Fiber optic,Yes,Yes,No,One year,Credit card (automatic),95.15,6770.85,0.0
2070-XYMFH,Female,1,No,No,23,Yes,Fiber optic,No,No,No,Month-to-month,Mailed check,79.35,1835.3,0.0
2085-BOJKI,Male,0,Yes,No,17,Yes,Fiber optic,No,No,Yes,One year,Bank transfer (automatic),96.65,1588.25,0.0
0817-HSUSE,Male,0,No,No,1,Yes,DSL,No,Yes,Yes,Month-to-month,Electronic check,75.5,75.5,0.0
5442-PPTJY,Male,0,Yes,Yes,12,Yes,No,No internet service,No internet service,No internet service,Two year,Mailed check,19.7,258.35,0.0
1927-QEWMY,Female,0,Yes,No,72,Yes,No,No internet service,No internet service,No internet service,Two year,Credit card (automatic),20.5,1502.25,0.0
1663-MHLHE,Male,0,No,No,1,Yes,No,No internet service,No internet service,No internet service,Month-to-month,Mailed check,19.2,19.2,0.0
5663-QBGIS,Male,1,Yes,No,72,Yes,Fiber optic,No,No,Yes,Two year,Bank transfer (automatic),98.35,6929.4,0.0
4450-MDZFX,Male,0,Yes,Yes,60,Yes,Fiber optic,No,No,No,Month-to-month,Bank transfer (automatic),74.35,4453.3,0.0
6701-DHKWQ,Female,0,Yes,Yes,61,No,DSL,No,Yes,Yes,Two year,Credit card (automatic),51.35,3244.4,0.0
7554-AKDQF,Female,0,Yes,No,6,Yes,DSL,No,No,No,Month-to-month,Mailed check,45.65,323.45,0.0
3536-IQCTX,Male,1,Yes,No,32,Yes,Fiber optic,No,No,No,Month-to-month,Electronic check,85.3,2661.1,1.0
4911-BANWH,Female,0,No,Yes,31,Yes,Fiber optic,No,No,Yes,Month-to-month,Credit card (automatic),86.55,2697.4,1.0
8496-EJAUI,Male,0,No,No,19,Yes,Fiber optic,No,No,No,Month-to-month,Credit card (automatic),73.85,1424.5,1.0
0794-YVSGE,Male,0,Yes,Yes,72,Yes,No,No internet service,No internet service,No internet service,Two year,Bank transfer (automatic),20.3,1401.15,0.0
5423-BHIXO,Female,0,No,No,32,Yes,DSL,No,No,No,Month-to-month,Electronic check,54.2,1739.6,0.0
6908-VVYHM,Male,0,Yes,No,65,Yes,Fiber optic,No,No,No,Month-to-month,Electronic check,90.65,5931.0,0.0
2959-EEXWB,Female,0,Yes,Yes,45,No,DSL,Yes,No,Yes,Month-to-month,Bank transfer (automatic),50.9,2333.85,0.0
1839-UMACK,Male,0,No,No,42,Yes,No,No internet service,No internet service,No internet service,One year,Electronic check,25.05,949.85,0.0
3030-YDNRM,Male,0,No,No,8,Yes,Fiber optic,No,No,No,Month-to-month,Electronic check,74.85,572.45,0.0
7321-KKSDU,Male,0,No,Yes,32,Yes,No,No internet service,No internet service,No internet service,Two year,Mailed check,20.5,696.8,0.0
3402-XRIUO,Female,1,Yes,No,22,Yes,DSL,Yes,Yes,No,Month-to-month,Mailed check,63.55,1381.8,0.0
3132-TVFDZ,Male,1,Yes,No,57,No,DSL,No,No,Yes,Month-to-month,Electronic check,44.85,2572.95,1.0
8286-AFUYI,Male,0,No,No,1,Yes,DSL,Yes,No,No,Month-to-month,Electronic check,47.95,47.95,0.0
8080-DDEMJ,Male,1,No,No,1,Yes,DSL,No,No,No,Month-to-month,Electronic check,45.1,45.1,1.0
8356-WUAOJ,Female,0,Yes,No,1,Yes,DSL,No,No,No,Month-to-month,Electronic check,45.0,45.0,0.0
6365-MTGZX,Male,0,No,No,24,Yes,Fiber optic,No,Yes,Yes,Month-to-month,Electronic check,96.0,2122.45,1.0
1349-WXNGG,Male,0,No,No,1,Yes,No,No internet service,No internet service,No internet service,Month-to-month,Bank transfer (automatic),20.05,20.05,1.0
8058-DMYRU,Male,1,No,No,54,Yes,Fiber optic,No,No,No,Month-to-month,Electronic check,90.05,4931.8,0.0
9350-ZXYJC,Female,0,No,No,4,Yes,No,No internet service,No internet service,No internet service,Two year,Credit card (automatic),25.3,116.95,0.0
6990-YNRIO,Male,0,Yes,Yes,65,Yes,Fiber optic,Yes,Yes,Yes,Two year,Bank transfer (automatic),108.65,6937.95,1.0
8958-JPTRR,Female,0,Yes,No,56,Yes,No,No internet service,No internet service,No internet service,One year,Electronic check,24.3,1261.7,0.0
6959-GQEGV,Male,0,No,No,45,Yes,DSL,Yes,No,Yes,Month-to-month,Electronic check,75.95,3273.8,0.0
3173-WSSUE,Female,0,Yes,Yes,71,Yes,No,No internet service,No internet service,No internet service,Two year,Credit card (automatic),19.7,1415.85,0.0
1265-HVPZB,Male,0,Yes,No,59,Yes,DSL,Yes,No,Yes,One year,Credit card (automatic),66.4,3958.2,0.0
4115-UMJFQ,Male,0,No,No,69,No,DSL,No,No,No,One year,Bank transfer (automatic),35.75,2492.25,0.0
7369-TRPFD,Male,0,No,No,19,Yes,No,No internet service,No internet service,No internet service,One year,Mailed check,18.8,279.2,0.0
1098-KFQEC,Female,0,Yes,Yes,55,Yes,No,No internet service,No internet service,No internet service,Two year,Credit card (automatic),19.4,1083.0,0.0
7190-XHTWJ,Female,0,No,No,38,Yes,No,No internet service,No internet service,No internet service,One year,Mailed check,19.3,755.5,0.0
0621-TWIEM,Male,0,No,No,10,Yes,DSL,No,No,No,Month-to-month,Electronic check,45.55,402.6,1.0
3537-RYBHH,Female,1,Yes,No,47,Yes,DSL,Yes,No,No,Month-to-month,Credit card (automatic),67.45,3252.0,0.0
2485-ITVKB,Female,0,Yes,No,2,No,DSL,No,No,No,Month-to-month,Electronic check,35.1,68.75,1.0
3669-OYSJI,Male,0,No,No,1,Yes,DSL,No,No,No,Month-to-month,Credit card (automatic),46.2,46.2,1.0
1612-EOHDH,Female,0,No,No,1,Yes,DSL,No,No,No,Month-to-month,Electronic check,45.15,45.15,1.0
6702-OHFWR,Male,1,No,No,1,No,DSL,No,No,No,Month-to-month,Electronic check,43.3,43.3,1.0
5296-BFCYD,Male,0,Yes,Yes,46,Yes,No,No internet service,No internet service,No internet service,Two year,Mailed check,20.1,936.85,0.0
4510-PYUSH,Female,1,No,No,38,Yes,DSL,Yes,No,No,Month-to-month,Credit card (automatic),57.15,2250.65,1.0
9359-JANWS,Female,0,Yes,No,65,Yes,DSL,Yes,Yes,No,Two year,Credit card (automatic),58.9,3857.1,0.0
7517-SAWMO,Female,0,Yes,No,19,Yes,Fiber optic,Yes,No,No,Month-to-month,Electronic check,73.2,1441.1,1.0
4143-HHPMK,Male,0,No,No,52,Yes,Fiber optic,No,No,No,Month-to-month,Electronic check,85.35,4338.6,1.0
3279-DYZQM,Male,0,Yes,Yes,71,Yes,No,No internet service,No internet service,No internet service,Two year,Mailed check,19.45,1378.45,0.0
7054-LGEQW,Female,0,No,No,1,Yes,DSL,No,No,No,Month-to-month,Mailed check,45.95,45.95,1.0
0523-VNGTF,Female,1,No,No,52,No,DSL,No,Yes,Yes,Month-to-month,Electronic check,50.5,2566.3,0.0
9575-IWCAZ,Male,0,Yes,No,6,Yes,No,No internet service,No internet service,No internet service,One year,Mailed check,25.1,171.0,0.0
7105-MXJLL,Female,1,Yes,No,26,Yes,DSL,No,No,No,One year,Mailed check,60.7,1597.4,0.0
7064-FRRSW,Male,1,No,No,48,Yes,Fiber optic,No,No,Yes,One year,Electronic check,99.0,4744.35,0.0
7940-UQQUG,Female,0,Yes,Yes,64,Yes,Fiber optic,Yes,Yes,Yes,One year,Bank transfer (automatic),104.4,6721.6,0.0
0923-PNFUB,Female,0,No,No,3,Yes,Fiber optic,No,No,Yes,Month-to-month,Electronic check,83.75,247.25,1.0
3961-SXAXY,Male,0,No,No,1,Yes,DSL,No,No,No,Month-to-month,Bank transfer (automatic),44.05,44.05,0.0
7010-BRBUU,Male,0,Yes,Yes,72,Yes,No,No internet service,No internet service,No internet service,Two year,Credit card (automatic),24.1,1734.65,0.0
3566-HJGPK,Male,0,No,No,1,Yes,DSL,No,No,No,Month-to-month,Mailed check,45.55,45.55,0.0
3062-ICYZQ,Female,0,Yes,Yes,51,Yes,Fiber optic,Yes,No,No,Month-to-month,Electronic check,93.8,4539.35,0.0
9938-PRCVK,Female,0,Yes,Yes,41,Yes,No,No internet service,No internet service,No internet service,Two year,Bank transfer (automatic),19.7,804.25,0.0
0973-KYVNF,Female,0,Yes,Yes,72,Yes,DSL,Yes,No,Yes,Two year,Credit card (automatic),70.65,5011.15,0.0
5129-HHMZC,Female,0,Yes,No,43,Yes,DSL,Yes,Yes,Yes,Two year,Credit card (automatic),86.45,3574.5,0.0
9637-CDTKZ,Male,0,Yes,No,72,Yes,Fiber optic,Yes,Yes,Yes,Two year,Credit card (automatic),114.1,8086.4,0.0
3946-JEWRQ,Male,0,Yes,No,47,Yes,Fiber optic,No,No,Yes,One year,Credit card (automatic),95.2,4563.0,0.0
7873-CVMAW,Male,0,No,No,72,Yes,DSL,Yes,Yes,Yes,Two year,Credit card (automatic),88.55,6362.35,0.0
0463-WZZKO,Male,0,No,No,3,Yes,No,No internet service,No internet service,No internet service,Month-to-month,Credit card (automatic),20.75,67.1,0.0
3494-JCHRQ,Male,0,No,No,1,Yes,Fiber optic,No,No,No,Month-to-month,Electronic check,70.05,70.05,1.0
6474-FVJLC,Male,0,No,No,2,Yes,Fiber optic,No,No,No,Month-to-month,Electronic check,86.0,165.45,1.0
4524-QCSSM,Male,0,No,No,26,No,DSL,Yes,No,No,Month-to-month,Bank transfer (automatic),44.65,1156.55,0.0
5832-EXGTT,Male,0,Yes,Yes,29,Yes,DSL,Yes,No,No,Month-to-month,Mailed check,60.2,1834.15,0.0
8840-DQLGN,Female,1,Yes,No,35,Yes,Fiber optic,Yes,Yes,Yes,Month-to-month,Bank transfer (automatic),100.5,3653.35,1.0
2039-JONDJ,Male,0,No,No,27,Yes,DSL,Yes,No,No,One year,Bank transfer (automatic),55.45,1477.65,0.0
7217-JYHOQ,Male,0,Yes,Yes,24,Yes,DSL,Yes,Yes,No,Month-to-month,Credit card (automatic),70.3,1706.45,0.0
6695-FRVEC,Male,0,Yes,Yes,67,Yes,DSL,Yes,Yes,No,Two year,Bank transfer (automatic),60.4,3953.7,0.0
4547-LYTDD,Female,0,No,No,16,Yes,Fiber optic,No,No,No,Month-to-month,Electronic check,72.65,1194.3,1.0
9894-QMIMJ,Female,0,No,No,23,Yes,DSL,No,No,No,One year,Bank transfer (automatic),55.8,1327.85,0.0
8069-YQQAJ,Male,0,No,No,14,No,DSL,No,No,No,Month-to-month,Mailed check,31.1,419.7,0.0
6770-XUAGN,Female,0,Yes,Yes,1,Yes,No,No internet service,No internet service,No internet service,Month-to-month,Electronic check,21.0,21.0,1.0
4193-ORFCL,Female,1,No,No,1,Yes,DSL,No,No,No,Month-to-month,Mailed check,45.1,45.1,1.0
1636-NTNCO,Male,1,No,No,4,No,DSL,No,No,Yes,Month-to-month,Credit card (automatic),50.95,207.35,0.0
3466-WAESX,Male,0,No,Yes,16,Yes,DSL,Yes,No,No,Month-to-month,Electronic check,69.1,1083.7,0.0
9281-PKKZE,Female,0,Yes,No,46,No,DSL,No,No,Yes,Month-to-month,Electronic check,43.95,2007.85,0.0
3638-VBZTA,Male,0,No,Yes,68,Yes,DSL,Yes,Yes,Yes,Two year,Bank transfer (automatic),86.5,5882.75,0.0
7459-IMVYU,Male,0,No,No,38,Yes,DSL,Yes,Yes,No,Month-to-month,Electronic check,69.95,2657.55,0.0
7776-QWNFX,Male,1,Yes,No,30,Yes,DSL,No,No,No,Month-to-month,Bank transfer (automatic),50.4,1527.5,1.0
6689-TCZHQ,Female,1,No,No,5,Yes,Fiber optic,No,No,No,Month-to-month,Electronic check,78.95,378.4,1.0
8563-OYMQY,Male,0,No,No,17,Yes,Fiber optic,No,No,No,Month-to-month,Credit card (automatic),90.95,1612.2,0.0
0754-EEBDC,Male,0,Yes,Yes,4,Yes,No,No internet service,No internet service,No internet service,Two year,Mailed check,19.9,76.65,0.0
5777-ZPQNC,Female,0,No,No,12,Yes,No,No internet service,No internet service,No internet service,One year,Electronic check,20.15,260.7,0.0
1951-IEYXM,Male,0,Yes,Yes,72,Yes,DSL,Yes,Yes,Yes,Two year,Credit card (automatic),90.6,6441.85,0.0
3318-NMQXL,Male,0,No,No,3,Yes,Fiber optic,No,No,Yes,Month-to-month,Electronic check,92.0,266.8,0.0
3143-ILDAL,Male,0,No,No,56,Yes,Fiber optic,No,Yes,No,Month-to-month,Electronic check,94.45,5124.6,1.0
1022-RKXDR,Female,0,No,No,41,Yes,No,No internet service,No internet service,No internet service,One year,Mailed check,24.85,962.25,0.0
2361-FJWNO,Male,0,No,No,40,No,DSL,No,Yes,No,One year,Credit card (automatic),36.0,1382.9,0.0
2272-UOINI,Female,0,No,No,7,Yes,DSL,Yes,Yes,Yes,Month-to-month,Electronic check,78.5,571.05,0.0
8232-UTFOZ,Male,0,No,No,69,Yes,No,No internet service,No internet service,No internet service,Two year,Credit card (automatic),19.95,1399.35,0.0
3750-YHRYO,Male,0,Yes,Yes,7,Yes,No,No internet service,No internet service,No internet service,One year,Mailed check,20.65,150.0,0.0
6637-KYRCV,Female,0,Yes,Yes,5,No,DSL,No,No,No,Month-to-month,Electronic check,30.5,167.2,0.0
5668-MEISB,Female,0,Yes,Yes,72,Yes,Fiber optic,Yes,Yes,Yes,Two year,Credit card (automatic),106.1,7657.4,0.0
0129-QMPDR,Male,0,Yes,Yes,44,Yes,No,No internet service,No internet service,No internet service,One year,Bank transfer (automatic),20.5,865.05,0.0
7188-CBBBA,Female,0,No,No,65,Yes,Fiber optic,No,No,Yes,One year,Electronic check,95.5,6153.85,0.0
5356-CSVSQ,Female,0,No,No,3,Yes,DSL,No,Yes,Yes,Month-to-month,Electronic check,64.6,174.2,0.0
3221-CJMSG,Male,0,No,No,24,Yes,DSL,No,Yes,No,Month-to-month,Credit card (automatic),51.1,1269.6,0.0
4720-VSTSI,Female,0,No,No,44,Yes,Fiber optic,No,No,No,Month-to-month,Bank transfer (automatic),84.8,3862.55,1.0
3219-JQRSL,Female,1,Yes,No,72,Yes,DSL,Yes,Yes,Yes,Two year,Credit card (automatic),89.1,6352.4,0.0
2801-NISEI,Male,0,No,No,24,Yes,DSL,Yes,Yes,No,Month-to-month,Electronic check,54.95,1348.5,0.0
3946-MHCZW,Male,0,No,No,1,Yes,DSL,No,No,No,Month-to-month,Mailed check,50.9,50.9,1.0
4623-ZKHLY,Male,0,Yes,No,22,Yes,No,No internet service,No internet service,No internet service,Month-to-month,Bank transfer (automatic),20.45,471.55,0.0
6732-VAILE,Male,0,Yes,Yes,70,Yes,DSL,No,Yes,Yes,Two year,Credit card (automatic),85.95,5931.75,0.0
8201-AAXCB,Male,0,Yes,Yes,25,Yes,DSL,No,No,Yes,Month-to-month,Electronic check,60.35,1404.65,0.0
7696-CFTAT,Male,0,Yes,Yes,37,Yes,No,No internet service,No internet service,No internet service,Two year,Bank transfer (automatic),19.8,726.1,0.0
1845-CSBRZ,Female,1,Yes,Yes,22,Yes,Fiber optic,No,No,Yes,Month-to-month,Bank transfer (automatic),85.35,1961.6,0.0
2123-VSCOT,Female,0,Yes,Yes,59,Yes,DSL,No,Yes,Yes,Two year,Bank transfer (automatic),72.1,4194.85,0.0
6651-AZVTJ,Male,0,Yes,Yes,49,Yes,Fiber optic,No,No,Yes,Month-to-month,Electronic check,99.8,4872.45,1.0
4566-GOLUK,Male,0,Yes,Yes,47,Yes,Fiber optic,No,Yes,Yes,Month-to-month,Bank transfer (automatic),107.35,5118.95,1.0
2484-DGXPZ,Female,0,Yes,Yes,31,Yes,No,No internet service,No internet service,No internet service,Month-to-month,Mailed check,19.55,658.95,1.0
2018-QKYGT,Male,0,Yes,Yes,1,Yes,Fiber optic,No,No,No,Month-to-month,Electronic check,81.05,81.05,0.0
2792-VPPET,Male,0,No,No,3,Yes,No,No internet service,No internet service,No internet service,Month-to-month,Electronic check,20.5,76.95,0.0
7409-JURKQ,Female,0,Yes,No,53,Yes,Fiber optic,No,Yes,Yes,One year,Bank transfer (automatic),111.8,5809.75,0.0
3247-MHJKM,Male,0,No,No,1,Yes,No,No internet service,No internet service,No internet service,Month-to-month,Mailed check,20.2,20.2,0.0
1964-SVLEA,Male,0,No,No,20,Yes,No,No internet service,No internet service,No internet service,One year,Mailed check,19.7,415.9,0.0
4587-NUKOX,Female,0,No,No,3,Yes,Fiber optic,Yes,No,No,Month-to-month,Electronic check,79.1,246.5,1.0
7297-DVYGA,Female,0,No,No,51,Yes,No,No internet service,No internet service,No internet service,One year,Bank transfer (automatic),19.85,996.95,0.0
2239-CGBUZ,Female,0,Yes,No,51,Yes,DSL,Yes,Yes,No,One year,Bank transfer (automatic),60.5,3145.15,0.0
0854-UYHZD,Female,0,Yes,Yes,13,Yes,No,No internet service,No internet service,No internet service,Two year,Mailed check,19.55,265.3,0.0
7243-LCGGZ,Female,0,No,No,1,Yes,No,No internet service,No internet service,No internet service,Month-to-month,Mailed check,20.9,20.9,0.0
8267-KFGYD,Male,0,No,Yes,1,Yes,No,No internet service,No internet service,No internet service,Month-to-month,Mailed check,21.05,21.05,0.0
4890-VMUAV,Male,0,No,No,63,Yes,DSL,Yes,Yes,No,One year,Electronic check,71.5,4576.3,0.0
9261-WDCAF,Male,0,No,No,3,Yes,DSL,No,No,No,Month-to-month,Mailed check,54.65,189.1,0.0
3764-MNMOI,Male,0,No,No,46,Yes,No,No internet service,No internet service,No internet service,Two year,Credit card (automatic),19.2,908.15,0.0
7442-YGZFK,Male,0,No,No,1,Yes,DSL,No,No,No,Month-to-month,Credit card (automatic),49.8,49.8,0.0
0420-BWTPW,Male,0,No,Yes,8,No,DSL,No,No,No,Month-to-month,Mailed check,25.5,215.2,1.0
8229-BUJHX,Female,0,Yes,Yes,71,Yes,No,No internet service,No internet service,No internet service,Two year,Bank transfer (automatic),20.5,1500.95,0.0
7449-HVPIV,Male,0,Yes,Yes,55,Yes,Fiber optic,No,No,Yes,Month-to-month,Credit card (automatic),90.4,5099.15,0.0
5504-WSIUR,Female,0,No,No,70,Yes,Fiber optic,No,Yes,No,One year,Bank transfer (automatic),90.25,6385.95,0.0
8183-ONMXC,Female,0,No,No,2,Yes,Fiber optic,No,No,No,Month-to-month,Electronic check,80.75,159.45,1.0
8466-PZBLH,Male,0,Yes,Yes,67,Yes,Fiber optic,Yes,Yes,Yes,Two year,Bank transfer (automatic),104.6,6885.75,0.0
9614-RMGHA,Male,0,Yes,No,65,Yes,Fiber optic,No,No,Yes,Month-to-month,Bank transfer (automatic),91.85,5940.85,1.0
8735-IJJEG,Male,0,Yes,No,14,Yes,DSL,No,No,No,Month-to-month,Credit card (automatic),50.2,668.85,0.0
0564-MUUQK,Female,0,Yes,Yes,20,Yes,Fiber optic,No,Yes,No,Month-to-month,Bank transfer (automatic),95.5,1916.2,0.0
5054-IEXZT,Male,0,No,Yes,1,Yes,Fiber optic,No,No,No,Month-to-month,Electronic check,75.35,75.35,1.0
5834-ASPWA,Male,0,No,No,1,Yes,Fiber optic,No,No,No,Month-to-month,Electronic check,75.45,75.45,1.0
0701-RFGFI,Female,0,Yes,Yes,49,Yes,Fiber optic,No,No,Yes,Month-to-month,Bank transfer (automatic),95.4,4613.95,0.0
0019-EFAEP,Female,0,No,No,72,Yes,Fiber optic,Yes,No,Yes,Two year,Bank transfer (automatic),101.3,7261.25,0.0
5619-PTMIK,Female,0,Yes,No,46,Yes,DSL,Yes,No,No,Month-to-month,Electronic check,53.1,2459.8,0.0
3737-XBQDD,Male,0,No,No,24,Yes,Fiber optic,No,No,No,Month-to-month,Bank transfer (automatic),84.85,2048.8,0.0
5882-CMAZQ,Female,0,Yes,Yes,5,No,DSL,No,Yes,No,Month-to-month,Electronic check,34.25,163.55,0.0
5846-QFDFI,Female,0,Yes,Yes,33,Yes,Fiber optic,No,Yes,No,Month-to-month,Credit card (automatic),88.6,2888.7,0.0
4445-KWOKW,Female,0,No,No,42,Yes,DSL,Yes,No,No,One year,Bank transfer (automatic),60.15,2421.6,0.0
3511-APPBJ,Male,0,No,No,23,Yes,Fiber optic,Yes,No,Yes,One year,Credit card (automatic),99.95,2292.75,0.0
7967-HYCDE,Male,0,No,No,8,Yes,Fiber optic,No,No,No,Month-to-month,Bank transfer (automatic),70.7,553.4,0.0
2430-RRYUW,Male,0,No,No,66,Yes,DSL,Yes,No,No,One year,Mailed check,54.8,3465.7,0.0
3948-XHGNA,Male,0,No,No,24,Yes,DSL,Yes,No,No,Month-to-month,Bank transfer (automatic),49.55,1210.4,1.0
3723-BFBGR,Male,1,No,No,24,Yes,DSL,No,No,No,Month-to-month,Credit card (automatic),54.8,1291.3,0.0
0565-IYCGT,Male,0,No,No,69,Yes,DSL,Yes,Yes,No,One year,Credit card (automatic),78.6,5356.45,1.0
5447-WZAFP,Female,0,No,No,53,Yes,Fiber optic,No,No,Yes,One year,Mailed check,100.3,5200.8,0.0
5110-CHOPY,Female,0,No,No,60,No,DSL,Yes,No,Yes,Two year,Electronic check,53.6,3237.05,0.0
5445-UTODQ,Female,0,Yes,No,7,Yes,Fiber optic,No,No,Yes,Month-to-month,Electronic check,81.1,576.65,1.0
4425-OWHWB,Female,0,No,No,20,Yes,No,No internet service,No internet service,No internet service,One year,Credit card (automatic),19.35,433.75,0.0
7892-QVYKW,Female,0,Yes,Yes,23,Yes,Fiber optic,No,No,No,Month-to-month,Electronic check,85.6,1868.4,0.0
9675-ICXCT,Male,0,Yes,Yes,72,Yes,DSL,Yes,Yes,Yes,Two year,Electronic check,80.8,5728.55,0.0
1024-VRZHF,Male,0,Yes,No,11,Yes,Fiber optic,No,No,No,Month-to-month,Electronic check,74.95,825.7,1.0
4703-MQYKT,Male,0,No,No,21,Yes,No,No internet service,No internet service,No internet service,Two year,Mailed check,19.6,390.4,0.0
9497-QCMMS,Male,1,No,No,1,Yes,Fiber optic,No,No,Yes,Month-to-month,Electronic check,93.55,93.55,1.0
5692-ICXLW,Male,1,No,No,31,Yes,Fiber optic,No,No,Yes,Month-to-month,Electronic check,90.7,2845.15,0.0
0602-DDUML,Female,0,No,No,57,Yes,DSL,No,Yes,Yes,Two year,Mailed check,69.75,3894.4,0.0
2208-MPXIO,Female,0,Yes,Yes,45,Yes,No,No internet service,No internet service,No internet service,Two year,Bank transfer (automatic),20.0,886.4,0.0
1960-UYCNN,Male,0,No,No,10,Yes,Fiber optic,No,No,No,Month-to-month,Electronic check,95.25,1021.55,0.0
0348-SDKOL,Female,0,Yes,No,58,Yes,Fiber optic,No,Yes,Yes,Month-to-month,Credit card (automatic),102.1,5885.4,1.0
3190-FZATL,Male,0,No,Yes,14,Yes,No,No internet service,No internet service,No internet service,Month-to-month,Mailed check,19.95,268.4,0.0
7336-RLLRH,Male,0,Yes,No,27,Yes,DSL,Yes,Yes,Yes,One year,Mailed check,80.85,2204.35,0.0
4373-MAVJG,Female,0,Yes,Yes,14,Yes,Fiber optic,No,No,No,Month-to-month,Bank transfer (automatic),90.9,1259.0,1.0
8901-HJXTF,Female,0,Yes,Yes,12,No,DSL,No,No,No,Month-to-month,Mailed check,29.2,309.1,1.0
7710-JSYOA,Female,0,Yes,Yes,69,Yes,Fiber optic,No,Yes,No,Two year,Bank transfer (automatic),93.3,6398.05,0.0
5419-KLXBN,Female,0,Yes,Yes,25,Yes,Fiber optic,No,No,Yes,Month-to-month,Bank transfer (automatic),89.15,2257.75,1.0
3424-NMNBO,Male,1,Yes,No,58,Yes,Fiber optic,Yes,No,Yes,One year,Electronic check,108.85,6287.25,1.0
9885-MFVSU,Female,0,Yes,Yes,35,No,DSL,Yes,Yes,Yes,Two year,Credit card (automatic),46.35,1662.05,0.0
4514-GFCFI,Female,1,No,No,16,Yes,Fiber optic,No,No,Yes,Month-to-month,Electronic check,84.75,1350.15,1.0
0607-MVMGC,Male,0,Yes,Yes,45,Yes,DSL,No,No,Yes,One year,Credit card (automatic),78.75,3600.65,0.0
3365-SAIGS,Female,0,No,No,17,Yes,Fiber optic,No,No,Yes,Month-to-month,Electronic check,83.55,1329.15,0.0
9828-AOQLM,Female,0,Yes,Yes,1,Yes,DSL,No,No,No,Month-to-month,Electronic check,45.7,45.7,1.0
8022-BECSI,Male,0,No,No,22,Yes,No,No internet service,No internet service,No internet service,One year,Mailed check,19.6,422.5,0.0
8000-REIQB,Female,1,No,No,1,Yes,Fiber optic,No,No,No,Month-to-month,Electronic check,69.95,69.95,1.0
9993-LHIEB,Male,0,Yes,Yes,67,Yes,DSL,Yes,Yes,No,Two year,Mailed check,67.85,4627.65,0.0
0266-CLZKZ,Female,0,Yes,Yes,67,Yes,Fiber optic,No,Yes,Yes,Two year,Bank transfer (automatic),105.65,6717.9,0.0
7615-ESMYF,Female,0,Yes,No,2,No,DSL,No,No,Yes,Month-to-month,Electronic check,44.6,97.1,1.0
3858-VOBET,Male,0,No,No,23,Yes,Fiber optic,No,No,No,Month-to-month,Electronic check,74.95,1710.45,1.0
7020-OZKXZ,Female,1,No,No,9,Yes,Fiber optic,No,No,No,Month-to-month,Credit card (automatic),75.5,637.4,0.0
3977-QCRSL,Female,0,No,No,5,Yes,No,No internet service,No internet service,No internet service,Month-to-month,Mailed check,20.15,117.95,0.0
0017-DINOC,Male,0,No,No,54,No,DSL,Yes,Yes,Yes,Two year,Credit card (automatic),45.2,2460.55,0.0
1447-PJGGA,Female,0,No,No,57,Yes,Fiber optic,No,No,Yes,Two year,Electronic check,95.25,5464.65,1.0
8565-CLBZW,Male,0,No,No,24,Yes,Fiber optic,No,No,Yes,Month-to-month,Mailed check,89.85,2165.05,1.0
9139-WQQDY,Female,0,Yes,Yes,49,Yes,Fiber optic,No,No,Yes,One year,Mailed check,100.45,4941.8,1.0
0224-HJAPT,Male,0,No,No,5,Yes,DSL,No,No,No,Month-to-month,Electronic check,47.15,223.15,1.0
8086-OVPWV,Male,0,No,No,2,Yes,Fiber optic,No,No,No,Month-to-month,Electronic check,80.2,181.1,1.0
9430-FRQOC,Female,0,No,Yes,4,Yes,Fiber optic,No,Yes,No,Month-to-month,Mailed check,87.1,341.45,1.0
7639-OPLNG,Male,0,Yes,Yes,70,Yes,DSL,Yes,Yes,Yes,Two year,Bank transfer (automatic),79.25,5731.85,0.0
3074-GQWYX,Male,0,No,No,5,Yes,Fiber optic,No,No,No,Month-to-month,Bank transfer (automatic),75.9,357.75,1.0
1492-QGCLU,Male,0,Yes,Yes,53,Yes,DSL,Yes,Yes,Yes,Month-to-month,Electronic check,85.7,4616.1,0.0
6845-RGTYS,Female,0,Yes,No,47,Yes,Fiber optic,Yes,No,Yes,Month-to-month,Electronic check,98.75,4533.7,1.0
7328-OWMOM,Female,0,No,Yes,31,Yes,No,No internet service,No internet service,No internet service,One year,Credit card (automatic),20.1,589.25,0.0
4418-LZMSV,Male,0,Yes,Yes,13,Yes,DSL,No,Yes,No,Month-to-month,Bank transfer (automatic),61.8,750.1,0.0
5155-AZQPB,Female,0,Yes,Yes,28,Yes,DSL,No,No,No,Month-to-month,Mailed check,49.9,1410.25,0.0
8861-HGGKB,Female,0,No,No,10,Yes,Fiber optic,No,No,No,Month-to-month,Electronic check,86.45,830.85,1.0
1087-GRUYI,Male,0,Yes,No,38,Yes,No,No internet service,No internet service,No internet service,Two year,Bank transfer (automatic),20.4,743.5,0.0
7065-YUNRY,Female,0,No,No,1,Yes,DSL,No,No,No,Month-to-month,Mailed check,45.3,45.3,1.0
7694-VLBWQ,Male,0,Yes,No,67,Yes,Fiber optic,No,No,Yes,One year,Electronic check,104.1,7040.85,1.0
2546-KZAAT,Male,0,Yes,No,52,Yes,DSL,Yes,No,Yes,One year,Mailed check,75.4,3865.45,0.0
0181-RITDD,Male,0,Yes,Yes,62,Yes,Fiber optic,Yes,Yes,Yes,Two year,Mailed check,108.15,6825.65,0.0
5989-PGKJB,Female,0,No,No,16,Yes,Fiber optic,No,No,No,Month-to-month,Electronic check,86.25,1340.1,0.0
4795-KTRTH,Female,1,Yes,No,5,Yes,Fiber optic,No,No,No,Month-to-month,Electronic check,81.0,371.65,1.0
8272-ONJLV,Male,0,No,No,12,Yes,Fiber optic,No,No,Yes,One year,Electronic check,95.7,1184.0,0.0
1488-PBLJN,Female,0,Yes,Yes,72,Yes,Fiber optic,Yes,Yes,Yes,Two year,Bank transfer (automatic),116.85,8477.7,0.0
0308-GIQJT,Male,1,No,No,71,Yes,Fiber optic,No,Yes,Yes,One year,Bank transfer (automatic),105.75,7382.85,0.0
3778-FOAQW,Female,0,Yes,No,24,Yes,No,No internet service,No internet service,No internet service,One year,Mailed check,20.15,456.85,0.0
4452-ROHMO,Female,0,No,No,15,Yes,No,No internet service,No internet service,No internet service,Two year,Mailed check,19.6,331.6,0.0
6481-OGDOO,Male,0,Yes,No,67,Yes,Fiber optic,Yes,No,No,One year,Credit card (automatic),90.6,6056.15,1.0
3090-LETTY,Male,0,No,Yes,2,Yes,DSL,Yes,No,No,Month-to-month,Bank transfer (automatic),60.95,134.6,0.0
5349-AZPEW,Female,0,Yes,Yes,5,No,DSL,No,No,No,Month-to-month,Mailed check,25.05,125.5,0.0
3753-TSEMP,Female,0,Yes,No,15,Yes,Fiber optic,No,No,Yes,Month-to-month,Electronic check,88.15,1390.6,1.0
8305-VHZBZ,Male,0,No,No,1,Yes,No,No internet service,No internet service,No internet service,Month-to-month,Mailed check,20.2,20.2,1.0
9720-JJJOR,Male,0,Yes,Yes,41,Yes,DSL,Yes,No,No,One year,Bank transfer (automatic),60.3,2511.3,0.0
8100-HZZLJ,Female,0,No,Yes,43,Yes,DSL,Yes,No,No,Month-to-month,Electronic check,63.95,2737.05,0.0
8775-ERLNB,Male,1,Yes,No,1,Yes,Fiber optic,No,No,No,Month-to-month,Electronic check,74.3,74.3,0.0
8309-IEYJD,Female,1,No,No,1,Yes,Fiber optic,No,No,No,Month-to-month,Mailed check,70.6,70.6,0.0
9172-JITSM,Female,0,Yes,Yes,26,Yes,Fiber optic,No,No,Yes,Month-to-month,Electronic check,90.8,2361.8,1.0
6298-QDFNH,Male,0,No,No,22,Yes,Fiber optic,No,No,No,Month-to-month,Electronic check,79.35,1730.35,1.0
7398-HPYZQ,Male,0,Yes,No,71,Yes,DSL,Yes,Yes,Yes,Two year,Bank transfer (automatic),90.55,6404.0,0.0
3546-GHEAE,Male,0,No,No,7,Yes,No,No internet service,No internet service,No internet service,Two year,Mailed check,19.45,165.35,0.0
7361-YPXFS,Female,1,No,No,28,Yes,DSL,No,Yes,No,Month-to-month,Bank transfer (automatic),64.45,1867.6,0.0
6557-BZXLQ,Male,1,No,No,16,Yes,Fiber optic,No,No,No,Month-to-month,Electronic check,69.65,1043.3,0.0
2550-QHZGP,Male,0,No,No,7,Yes,No,No internet service,No internet service,No internet service,One year,Mailed check,19.5,128.6,0.0
7519-JTWQH,Female,0,No,No,69,Yes,Fiber optic,No,Yes,Yes,Two year,Bank transfer (automatic),110.5,7455.45,0.0
2538-OIMXF,Female,0,No,Yes,1,No,DSL,No,No,No,Month-to-month,Mailed check,24.7,24.7,0.0
8543-MSDMF,Male,0,No,No,3,Yes,DSL,Yes,No,Yes,Month-to-month,Electronic check,77.4,206.15,0.0
9961-JBNMK,Male,1,No,No,21,Yes,Fiber optic,No,No,Yes,Month-to-month,Bank transfer (automatic),96.8,2030.3,1.0
1170-SASML,Female,0,Yes,No,69,Yes,Fiber optic,No,No,No,Month-to-month,Bank transfer (automatic),85.4,5869.4,0.0
4872-JCVCA,Female,0,Yes,No,71,No,DSL,Yes,Yes,No,Two year,Bank transfer (automatic),47.6,3377.8,0.0
5346-BZCHP,Female,0,Yes,Yes,69,Yes,No,No internet service,No internet service,No internet service,Two year,Mailed check,19.4,1346.2,0.0
2038-LLMLM,Female,0,No,No,48,Yes,Fiber optic,No,Yes,Yes,Month-to-month,Electronic check,103.85,4946.05,0.0
6173-ITPWD,Male,0,Yes,No,47,Yes,Fiber optic,No,No,No,Month-to-month,Bank transfer (automatic),83.35,4065.0,1.0
9734-UYXQI,Female,0,No,No,2,Yes,DSL,No,No,No,Month-to-month,Electronic check,49.4,106.55,1.0
1216-BGTSP,Male,0,No,No,45,Yes,Fiber optic,Yes,Yes,Yes,Month-to-month,Credit card (automatic),108.45,4964.7,0.0
4138-NAXED,Male,0,No,No,51,Yes,Fiber optic,No,No,No,Month-to-month,Bank transfer (automatic),81.0,4085.75,0.0
2189-UXTKY,Female,0,Yes,No,22,Yes,DSL,Yes,Yes,Yes,Month-to-month,Electronic check,79.2,1742.75,1.0
0744-BIKKF,Male,0,No,No,72,Yes,DSL,Yes,Yes,Yes,Two year,Bank transfer (automatic),86.65,6224.8,0.0
7483-IQWIB,Male,0,Yes,Yes,37,Yes,Fiber optic,No,No,Yes,Month-to-month,Electronic check,92.95,3415.25,0.0
5248-KWLAR,Male,0,Yes,Yes,71,Yes,DSL,Yes,Yes,Yes,Two year,Electronic check,90.35,6325.25,0.0
4958-GZWIY,Male,0,Yes,Yes,7,Yes,DSL,No,No,No,Month-to-month,Electronic check,48.7,340.25,1.0
7996-MHXLW,Female,0,No,No,66,Yes,No,No internet service,No internet service,No internet service,Two year,Credit card (automatic),25.15,1683.6,0.0
7833-PKIHD,Male,0,Yes,Yes,51,Yes,DSL,Yes,Yes,Yes,One year,Bank transfer (automatic),76.4,3966.3,0.0
7061-OVMIM,Female,0,Yes,Yes,30,Yes,No,No internet service,No internet service,No internet service,One year,Bank transfer (automatic),19.55,608.5,0.0
5153-RTHKF,Female,0,No,No,34,Yes,Fiber optic,No,No,Yes,Month-to-month,Electronic check,85.35,2896.6,0.0
1852-QSWCD,Male,0,Yes,Yes,64,Yes,No,No internet service,No internet service,No internet service,Two year,Mailed check,24.8,1514.85,0.0
4832-VRBMR,Male,1,Yes,No,65,Yes,Fiber optic,No,No,Yes,One year,Bank transfer (automatic),103.15,6792.45,0.0
9079-LWTFD,Male,0,No,No,47,Yes,Fiber optic,Yes,Yes,Yes,Month-to-month,Mailed check,100.75,4669.2,0.0
6356-ELRKD,Female,0,No,No,1,Yes,Fiber optic,Yes,No,Yes,Month-to-month,Electronic check,95.6,95.6,1.0
8624-GIOUT,Female,0,No,No,49,Yes,DSL,Yes,No,No,Month-to-month,Credit card (automatic),59.75,2934.3,1.0
3392-EHMNK,Female,0,Yes,Yes,67,Yes,Fiber optic,No,Yes,Yes,Two year,Credit card (automatic),94.1,6302.8,0.0
5986-WWXDV,Male,0,No,Yes,39,Yes,No,No internet service,No internet service,No internet service,One year,Bank transfer (automatic),19.35,779.2,0.0
3061-BCKYI,Male,0,No,No,14,Yes,No,No internet service,No internet service,No internet service,Month-to-month,Mailed check,19.9,283.75,0.0
6179-GJPSO,Female,1,No,No,43,Yes,Fiber optic,Yes,Yes,Yes,Month-to-month,Credit card (automatic),108.15,4600.7,1.0
7901-TBKJX,Male,1,No,No,56,Yes,Fiber optic,No,No,Yes,Month-to-month,Electronic check,101.05,5594.0,0.0
7228-PAQPD,Female,0,No,No,14,Yes,DSL,No,Yes,No,One year,Credit card (automatic),59.1,772.85,0.0
3177-LASXD,Female,0,No,No,1,Yes,Fiber optic,No,No,No,Month-to-month,Electronic check,71.35,71.35,1.0
7746-QYVCO,Male,0,Yes,Yes,16,Yes,DSL,Yes,No,No,One year,Mailed check,55.85,857.8,0.0
5804-HYIEZ,Male,0,Yes,Yes,70,Yes,Fiber optic,Yes,No,Yes,Month-to-month,Electronic check,106.05,7554.05,0.0
9919-FZDED,Male,1,Yes,No,72,Yes,DSL,Yes,No,Yes,Two year,Credit card (automatic),84.1,5981.65,0.0
5934-TSSAU,Female,0,Yes,Yes,23,Yes,Fiber optic,No,No,No,Month-to-month,Credit card (automatic),75.3,1702.9,0.0
3486-KHMLI,Male,0,No,Yes,21,Yes,No,No internet service,No internet service,No internet service,Month-to-month,Mailed check,24.7,467.15,0.0
4897-QSUYC,Female,0,No,No,1,Yes,No,No internet service,No internet service,No internet service,Month-to-month,Mailed check,20.15,20.15,1.0
1084-UQCHV,Male,0,No,Yes,1,Yes,Fiber optic,No,No,No,Month-to-month,Bank transfer (automatic),69.75,69.75,1.0
8290-YWKHZ,Female,1,Yes,No,32,Yes,Fiber optic,No,No,Yes,Month-to-month,Electronic check,93.2,2931.0,1.0
2955-BJZHG,Male,0,Yes,Yes,17,Yes,Fiber optic,No,No,Yes,Month-to-month,Electronic check,80.85,1400.85,1.0
3806-DXQOM,Female,0,No,No,4,No,DSL,Yes,No,No,Month-to-month,Electronic check,33.65,137.85,1.0
6784-XYJAE,Female,0,No,No,36,Yes,DSL,No,No,No,One year,Electronic check,55.8,1941.5,0.0
3933-DQPWX,Female,0,No,No,50,No,DSL,No,Yes,No,Two year,Credit card (automatic),39.7,1932.75,0.0
6661-EIPZC,Female,0,Yes,Yes,48,No,DSL,No,Yes,No,Month-to-month,Credit card (automatic),29.5,1423.05,0.0
8957-THMOA,Female,0,No,Yes,50,Yes,No,No internet service,No internet service,No internet service,Two year,Credit card (automatic),20.15,970.85,0.0
2251-PYLPB,Male,0,Yes,No,72,Yes,DSL,Yes,Yes,No,Two year,Credit card (automatic),79.55,5810.9,0.0
5555-RNPGT,Male,0,No,Yes,10,Yes,No,No internet service,No internet service,No internet service,Month-to-month,Credit card (automatic),24.8,223.9,0.0
1057-FOGLZ,Female,0,No,No,18,Yes,No,No internet service,No internet service,No internet service,Month-to-month,Mailed check,19.65,391.7,0.0
9300-RENDD,Male,0,No,No,1,Yes,Fiber optic,No,No,Yes,Month-to-month,Electronic check,79.95,79.95,1.0
0761-AETCS,Female,0,No,No,1,Yes,No,No internet service,No internet service,No internet service,Month-to-month,Electronic check,19.3,19.3,1.0
8087-LGYHQ,Male,0,No,No,9,Yes,Fiber optic,No,No,Yes,Month-to-month,Electronic check,94.05,811.65,0.0
4137-BTIKL,Male,0,No,No,2,Yes,Fiber optic,Yes,No,No,Month-to-month,Mailed check,90.75,174.75,0.0
2190-BCXEC,Female,0,Yes,No,40,Yes,Fiber optic,No,Yes,No,Month-to-month,Credit card (automatic),78.85,3126.85,0.0
6227-FBDXH,Male,0,Yes,No,69,Yes,Fiber optic,No,No,Yes,One year,Bank transfer (automatic),99.5,6841.45,0.0
2153-MREFK,Female,0,Yes,No,37,Yes,Fiber optic,Yes,Yes,No,One year,Electronic check,99.2,3754.6,1.0
2911-WDXMV,Male,0,No,Yes,18,Yes,Fiber optic,No,No,No,Month-to-month,Credit card (automatic),80.55,1406.65,0.0
7206-PQBBZ,Male,1,Yes,No,11,Yes,Fiber optic,No,No,No,Month-to-month,Electronic check,70.2,834.7,0.0
3106-ULWFW,Female,0,Yes,No,8,Yes,Fiber optic,No,No,No,Month-to-month,Credit card (automatic),85.2,627.4,1.0
0925-VYDLG,Female,0,No,No,3,Yes,Fiber optic,No,No,No,Month-to-month,Electronic check,75.25,242.0,1.0
4547-FZJWE,Male,0,Yes,Yes,55,Yes,DSL,Yes,No,No,One year,Credit card (automatic),59.45,3157.0,0.0
7422-WNBTY,Male,0,Yes,No,33,Yes,Fiber optic,No,No,No,Month-to-month,Electronic check,93.35,3092.0,0.0
0842-IWYCP,Female,0,No,No,46,Yes,DSL,No,No,No,Month-to-month,Bank transfer (automatic),44.95,2168.9,0.0
3521-HTQTV,Male,0,No,No,34,Yes,No,No internet service,No internet service,No internet service,Two year,Bank transfer (automatic),26.1,980.35,0.0
3744-ZBHON,Female,0,No,No,3,Yes,No,No internet service,No internet service,No internet service,Month-to-month,Electronic check,20.2,65.95,0.0
3373-DIUUN,Male,0,Yes,Yes,30,Yes,No,No internet service,No internet service,No internet service,Two year,Mailed check,21.25,711.9,0.0
8383-SGHJU,Female,0,No,No,33,Yes,DSL,Yes,Yes,No,One year,Electronic check,59.4,1952.8,0.0
7607-QKKTJ,Male,0,Yes,Yes,45,Yes,Fiber optic,No,No,No,One year,Credit card (automatic),95.0,4368.85,0.0
7707-PYBBH,Male,0,No,No,40,Yes,DSL,Yes,Yes,No,Month-to-month,Mailed check,61.9,2647.1,0.0
8984-HPEMB,Female,0,No,No,71,Yes,Fiber optic,Yes,Yes,Yes,Two year,Electronic check,118.65,8477.6,0.0
4349-GFQHK,Male,0,No,No,1,Yes,DSL,No,No,No,Month-to-month,Electronic check,54.35,54.35,1.0
4139-DETXS,Female,0,Yes,Yes,72,No,DSL,Yes,Yes,Yes,Two year,Bank transfer (automatic),64.45,4528.0,0.0
9779-DPNEJ,Female,0,Yes,Yes,22,Yes,Fiber optic,No,No,No,Month-to-month,Electronic check,80.15,1790.65,0.0
9805-FILKB,Male,0,Yes,Yes,46,Yes,No,No internet service,No internet service,No internet service,One year,Bank transfer (automatic),20.2,845.6,0.0
5793-YOLJN,Female,0,Yes,Yes,55,Yes,No,No internet service,No internet service,No internet service,Two year,Mailed check,21.0,1210.3,0.0
0673-IGUQO,Male,0,No,No,1,Yes,No,No internet service,No internet service,No internet service,Month-to-month,Mailed check,20.45,20.45,0.0
4123-FCVCB,Female,0,No,No,12,Yes,DSL,No,Yes,Yes,One year,Mailed check,75.85,854.45,0.0
8819-IMISP,Male,0,No,No,31,Yes,Fiber optic,No,No,No,Month-to-month,Electronic check,80.45,2429.1,0.0
7802-EFKNY,Male,0,Yes,No,5,No,DSL,No,No,No,Month-to-month,Electronic check,24.95,100.4,1.0
8311-UEUAB,Female,0,Yes,Yes,67,Yes,DSL,Yes,No,Yes,Two year,Electronic check,75.5,5229.45,0.0
5858-EAFCZ,Male,0,No,No,1,Yes,DSL,No,No,No,Month-to-month,Mailed check,44.45,44.45,0.0
8035-BUYVG,Male,0,Yes,No,40,No,DSL,Yes,No,No,One year,Electronic check,42.35,1716.45,1.0
1163-ONYEY,Male,0,Yes,Yes,41,Yes,DSL,Yes,No,Yes,Month-to-month,Credit card (automatic),74.55,3023.55,0.0
9787-XVQIU,Male,0,No,No,1,Yes,Fiber optic,No,No,No,Month-to-month,Electronic check,75.3,75.3,1.0
8945-MUQUF,Male,0,No,No,51,Yes,Fiber optic,Yes,No,Yes,One year,Electronic check,94.8,4837.6,1.0
5656-MJEFC,Male,0,Yes,Yes,42,No,DSL,Yes,Yes,Yes,Two year,Credit card (automatic),48.15,2032.3,0.0
6082-OQFBA,Male,0,Yes,Yes,23,Yes,No,No internet service,No internet service,No internet service,One year,Mailed check,19.65,436.9,0.0
8051-HJRLT,Female,1,No,No,1,Yes,Fiber optic,No,No,No,Month-to-month,Electronic check,70.55,70.55,1.0
8974-OVACP,Female,0,No,No,1,Yes,No,No internet service,No internet service,No internet service,Month-to-month,Mailed check,20.15,20.15,0.0
4010-YLMVT,Female,0,No,No,56,Yes,Fiber optic,Yes,No,Yes,Month-to-month,Credit card (automatic),106.6,5893.95,0.0
1379-FRVEB,Male,0,No,Yes,15,Yes,Fiber optic,No,No,Yes,Month-to-month,Electronic check,91.0,1430.05,0.0
8612-GXIDD,Male,0,Yes,Yes,12,Yes,No,No internet service,No internet service,No internet service,Two year,Bank transfer (automatic),25.4,313.0,0.0
6288-CHQJB,Female,0,Yes,Yes,54,Yes,DSL,Yes,Yes,No,Two year,Bank transfer (automatic),69.95,3871.85,0.0
8160-HOWOX,Female,0,No,No,7,Yes,DSL,No,No,Yes,Month-to-month,Electronic check,66.85,458.1,0.0
3023-GFLBR,Female,0,Yes,Yes,33,Yes,Fiber optic,No,No,No,Month-to-month,Credit card (automatic),86.15,2745.7,1.0
6648-INWPS,Male,0,Yes,Yes,16,Yes,No,No internet service,No internet service,No internet service,Month-to-month,Electronic check,20.15,341.35,0.0
4223-BKEOR,Female,0,No,Yes,21,Yes,DSL,Yes,No,No,One year,Mailed check,64.85,1336.8,0.0
4079-VTGLK,Male,1,Yes,No,30,Yes,DSL,No,No,Yes,Two year,Electronic check,74.85,2181.75,0.0
1763-WQFUK,Male,0,No,No,3,Yes,DSL,No,Yes,No,Month-to-month,Mailed check,50.5,147.75,0.0
1391-UBDAR,Male,0,No,No,11,Yes,Fiber optic,No,No,No,Month-to-month,Electronic check,72.9,818.45,0.0
8894-JVDCV,Female,0,No,No,62,Yes,Fiber optic,Yes,Yes,Yes,One year,Credit card (automatic),115.05,7133.45,0.0
2023-VQFDL,Male,0,No,No,18,Yes,No,No internet service,No internet service,No internet service,Month-to-month,Electronic check,19.0,348.8,0.0
1345-GKDZZ,Male,0,No,Yes,6,Yes,No,No internet service,No internet service,No internet service,Month-to-month,Mailed check,19.55,128.6,0.0
2014-MKGMH,Female,0,No,No,46,Yes,Fiber optic,No,No,Yes,One year,Electronic check,101.1,4674.4,0.0
5628-FCGYG,Male,0,No,No,21,Yes,Fiber optic,No,No,No,Month-to-month,Electronic check,84.1,1737.45,0.0
2560-WBWXF,Male,0,No,No,68,Yes,No,No internet service,No internet service,No internet service,Two year,Bank transfer (automatic),24.15,1498.85,0.0
0248-IPDFW,Female,0,No,No,1,Yes,DSL,No,No,No,Month-to-month,Electronic check,50.1,50.1,0.0
7978-DKUQH,Female,0,Yes,No,25,Yes,Fiber optic,No,No,No,Month-to-month,Electronic check,74.6,1797.75,0.0
4335-UPJSI,Female,0,No,Yes,24,Yes,No,No internet service,No internet service,No internet service,Two year,Mailed check,19.75,498.1,0.0
0524-IAVZO,Female,0,Yes,No,30,Yes,Fiber optic,No,No,No,Month-to-month,Electronic check,85.0,2624.25,1.0
2737-YNGYW,Female,0,No,No,2,Yes,Fiber optic,No,No,No,Month-to-month,Electronic check,80.55,184.1,1.0
1784-EZDKJ,Male,0,Yes,No,51,Yes,Fiber optic,No,No,Yes,One year,Bank transfer (automatic),106.8,5498.8,0.0
9297-FVVDH,Female,0,Yes,Yes,57,Yes,DSL,Yes,Yes,Yes,Two year,Electronic check,84.5,4845.4,0.0
8007-YYPWD,Female,0,No,No,15,Yes,No,No internet service,No internet service,No internet service,Two year,Bank transfer (automatic),25.05,369.1,0.0
7101-HRBLJ,Female,0,Yes,Yes,72,Yes,DSL,Yes,Yes,Yes,Two year,Bank transfer (automatic),83.7,6096.9,0.0
5159-YFPKQ,Female,0,No,No,2,Yes,Fiber optic,No,No,No,Month-to-month,Electronic check,75.8,160.75,1.0
6635-CPNUN,Male,0,Yes,No,28,Yes,Fiber optic,No,No,Yes,Month-to-month,Credit card (automatic),96.6,2684.35,0.0
4021-RQSNY,Male,1,Yes,No,29,Yes,Fiber optic,No,No,Yes,Month-to-month,Electronic check,98.5,3004.15,1.0
5453-YBTWV,Male,0,Yes,Yes,70,Yes,Fiber optic,Yes,Yes,Yes,Two year,Credit card (automatic),101.1,6994.8,0.0
5039-LZRQT,Female,0,No,No,13,Yes,No,No internet service,No internet service,No internet service,One year,Mailed check,20.2,273.25,0.0
2931-VUVJN,Female,1,Yes,No,59,Yes,Fiber optic,Yes,Yes,No,One year,Electronic check,94.05,5483.9,0.0
9061-TIHDA,Male,1,Yes,No,13,Yes,Fiber optic,No,No,Yes,Month-to-month,Electronic check,95.25,1233.65,1.0
8699-ASUFO,Male,1,Yes,No,7,Yes,Fiber optic,No,No,No,Month-to-month,Mailed check,74.4,527.9,1.0
6418-PIQSP,Female,0,Yes,No,62,Yes,DSL,Yes,Yes,Yes,Two year,Mailed check,81.0,4985.9,0.0
8220-OCUFY,Female,0,No,No,21,Yes,DSL,Yes,Yes,No,One year,Electronic check,60.25,1258.35,0.0
3995-WFCSM,Female,0,No,No,2,Yes,DSL,No,No,No,Month-to-month,Electronic check,60.85,111.4,0.0
1895-QTKDO,Female,0,No,No,1,Yes,DSL,No,No,No,Month-to-month,Credit card (automatic),43.95,43.95,0.0
2038-OEQZH,Male,0,No,No,4,Yes,Fiber optic,No,No,No,Month-to-month,Electronic check,86.05,308.1,0.0
1178-PZGAB,Female,0,No,No,19,Yes,No,No internet service,No internet service,No internet service,One year,Credit card (automatic),20.25,383.65,0.0
7927-AUXBZ,Female,0,No,No,30,Yes,Fiber optic,No,Yes,Yes,Month-to-month,Electronic check,85.15,2555.9,1.0
2626-VEEWG,Male,0,Yes,Yes,67,Yes,No,No internet service,No internet service,No internet service,Two year,Credit card (automatic),19.4,1284.2,0.0
2878-RMWXY,Male,1,Yes,No,72,Yes,Fiber optic,Yes,No,No,Two year,Credit card (automatic),102.65,7550.3,0.0
1657-DYMBM,Male,0,Yes,No,53,Yes,No,No internet service,No internet service,No internet service,Two year,Credit card (automatic),19.9,1110.05,0.0
7311-MQJCH,Female,0,No,No,5,Yes,No,No internet service,No internet service,No internet service,One year,Electronic check,19.55,99.6,0.0
7375-WMVMT,Male,1,Yes,No,71,Yes,Fiber optic,No,Yes,No,Two year,Credit card (automatic),95.5,6707.15,0.0
1136-XGEQU,Female,0,Yes,Yes,50,Yes,DSL,No,Yes,Yes,One year,Credit card (automatic),84.15,4164.4,0.0
2530-FMFXO,Male,0,Yes,Yes,56,Yes,Fiber optic,No,Yes,Yes,Two year,Electronic check,103.2,5873.75,0.0
6844-DZKRF,Male,0,No,No,2,Yes,DSL,No,Yes,No,Month-to-month,Credit card (automatic),50.2,109.25,0.0
4695-WJZUE,Female,1,No,No,2,Yes,Fiber optic,No,No,No,Month-to-month,Electronic check,88.55,179.25,1.0
7619-ODSGN,Male,0,Yes,Yes,24,Yes,DSL,Yes,No,No,Month-to-month,Electronic check,54.75,1338.15,1.0
5970-GHJAW,Male,0,Yes,Yes,46,Yes,No,No internet service,No internet service,No internet service,Two year,Credit card (automatic),19.95,862.4,0.0
8879-XUAHX,Male,0,Yes,No,71,Yes,Fiber optic,Yes,Yes,Yes,Two year,Electronic check,116.25,8564.75,0.0
3689-MOZGR,Female,0,No,No,29,No,DSL,No,Yes,No,Month-to-month,Electronic check,31.2,926.2,0.0
4195-PNGZS,Male,0,Yes,Yes,69,Yes,No,No internet service,No internet service,No internet service,Two year,Bank transfer (automatic),24.45,1718.2,0.0
5003-XZWWO,Male,0,Yes,No,71,Yes,DSL,No,Yes,Yes,Two year,Credit card (automatic),84.2,5956.85,0.0
3988-RQIXO,Female,1,No,No,1,Yes,Fiber optic,No,No,Yes,Month-to-month,Electronic check,91.3,91.3,1.0
7622-FWGEW,Male,1,Yes,No,56,Yes,DSL,Yes,Yes,Yes,Two year,Bank transfer (automatic),85.65,4824.45,0.0
6922-NCEDI,Male,0,No,Yes,56,Yes,No,No internet service,No internet service,No internet service,One year,Mailed check,21.2,1238.65,0.0
2514-GINMM,Male,0,No,No,1,Yes,Fiber optic,No,No,Yes,Month-to-month,Electronic check,79.5,79.5,1.0
9891-NQDBD,Female,0,Yes,No,28,Yes,No,No internet service,No internet service,No internet service,One year,Mailed check,25.55,672.2,0.0
6131-IUNXN,Female,0,Yes,Yes,19,Yes,No,No internet service,No internet service,No internet service,Month-to-month,Mailed check,20.2,382.2,0.0
8548-AWOFC,Male,0,Yes,No,66,Yes,DSL,No,Yes,No,Month-to-month,Electronic check,63.85,4264.6,0.0
9798-DRYDS,Female,0,Yes,Yes,17,Yes,DSL,No,Yes,No,One year,Mailed check,61.95,1070.7,0.0
8532-UEFWH,Male,0,Yes,Yes,52,Yes,No,No internet service,No internet service,No internet service,Two year,Mailed check,25.75,1345.85,0.0
6296-DDOOR,Female,0,No,No,19,Yes,DSL,No,No,Yes,One year,Electronic check,58.2,1045.25,0.0
7951-VRDVK,Female,0,No,No,36,Yes,DSL,Yes,Yes,Yes,One year,Bank transfer (automatic),85.85,3003.55,0.0
5931-FLJJF,Male,1,Yes,No,7,Yes,Fiber optic,No,No,No,Month-to-month,Mailed check,70.1,467.55,1.0
4815-YOSUK,Male,0,Yes,Yes,72,Yes,Fiber optic,Yes,Yes,No,One year,Credit card (automatic),104.9,7537.5,0.0
2659-VXMWZ,Male,0,Yes,Yes,67,Yes,Fiber optic,Yes,No,Yes,One year,Electronic check,111.3,7482.1,1.0
0380-NEAVX,Male,1,No,No,34,Yes,Fiber optic,No,No,Yes,One year,Electronic check,99.85,3343.15,0.0
3207-OYBWH,Male,1,Yes,No,57,Yes,Fiber optic,No,No,No,Month-to-month,Bank transfer (automatic),95.25,5427.05,1.0
4285-GYRQC,Female,0,Yes,No,7,Yes,Fiber optic,No,No,Yes,Month-to-month,Electronic check,86.25,587.1,1.0
7216-EWTRS,Female,1,Yes,No,1,Yes,Fiber optic,No,No,Yes,Month-to-month,Electronic check,100.8,100.8,1.0
4365-MSDYN,Male,0,Yes,No,8,Yes,No,No internet service,No internet service,No internet service,Month-to-month,Bank transfer (automatic),19.55,161.15,0.0
7036-TYDEC,Female,0,No,No,69,Yes,Fiber optic,No,Yes,Yes,Two year,Electronic check,104.0,7028.5,0.0
5802-ADBRC,Female,0,Yes,No,50,Yes,Fiber optic,Yes,No,Yes,One year,Mailed check,104.4,5232.9,0.0
8076-FEZKJ,Male,0,No,No,10,Yes,No,No internet service,No internet service,No internet service,One year,Mailed check,19.5,225.85,0.0
5197-YPYBZ,Female,0,Yes,Yes,12,Yes,No,No internet service,No internet service,No internet service,Two year,Credit card (automatic),25.25,274.7,0.0
8337-MSSXB,Female,0,No,No,14,Yes,Fiber optic,No,No,No,Month-to-month,Electronic check,86.3,1180.95,1.0
4312-GVYNH,Female,0,Yes,No,70,No,DSL,Yes,Yes,No,Two year,Bank transfer (automatic),49.85,3370.2,0.0
8495-LJDFO,Female,1,No,No,64,Yes,Fiber optic,Yes,Yes,Yes,Month-to-month,Bank transfer (automatic),108.95,7111.3,0.0
0839-JTCUD,Female,0,Yes,Yes,66,Yes,DSL,Yes,Yes,Yes,Two year,Credit card (automatic),89.9,5958.85,0.0
5494-WOZRZ,Female,0,Yes,Yes,71,Yes,DSL,Yes,Yes,Yes,Two year,Credit card (automatic),82.0,5999.85,0.0
1302-UHBDD,Male,1,No,No,20,Yes,Fiber optic,No,No,Yes,Month-to-month,Electronic check,89.95,1648.45,0.0
2234-EOFPT,Male,0,Yes,No,72,Yes,DSL,Yes,Yes,Yes,Two year,Bank transfer (automatic),79.35,5753.25,0.0
8619-IJNDK,Female,0,Yes,Yes,71,Yes,DSL,Yes,Yes,No,Two year,Credit card (automatic),64.05,4492.9,0.0
8378-LKJAF,Male,0,Yes,Yes,38,Yes,Fiber optic,No,No,Yes,Month-to-month,Credit card (automatic),101.15,3956.7,0.0
8182-BJDSI,Female,0,No,No,28,Yes,Fiber optic,No,No,No,Month-to-month,Electronic check,89.95,2625.55,1.0
2528-HFYZX,Male,1,Yes,No,17,Yes,Fiber optic,No,No,No,Month-to-month,Electronic check,76.45,1233.4,1.0
1153-GNOLC,Male,0,No,No,33,No,DSL,No,No,Yes,One year,Electronic check,39.1,1309.0,0.0
3298-QEICA,Female,0,Yes,Yes,23,No,DSL,Yes,Yes,No,Two year,Mailed check,34.6,813.45,0.0
0788-DXBFY,Male,0,Yes,Yes,58,Yes,No,No internet service,No internet service,No internet service,One year,Electronic check,19.55,1108.8,0.0
3597-YASZG,Female,1,Yes,No,70,Yes,Fiber optic,No,Yes,Yes,Two year,Bank transfer (automatic),104.45,7349.35,0.0
3496-LFSZU,Male,0,Yes,No,4,Yes,Fiber optic,No,No,No,Month-to-month,Electronic check,70.5,294.2,0.0
5242-UOWHD,Male,0,Yes,Yes,45,Yes,No,No internet service,No internet service,No internet service,Two year,Mailed check,20.35,929.2,0.0
2482-CZGBB,Male,0,No,No,10,Yes,Fiber optic,No,No,No,Month-to-month,Electronic check,70.0,740.0,1.0
6479-SZPLM,Male,0,Yes,Yes,36,Yes,No,No internet service,No internet service,No internet service,Two year,Credit card (automatic),19.45,754.5,0.0
8097-VBQTZ,Male,0,No,No,54,Yes,DSL,Yes,Yes,Yes,Month-to-month,Mailed check,69.9,3883.3,0.0
4500-HKANN,Male,0,Yes,Yes,23,Yes,DSL,No,Yes,No,Two year,Mailed check,59.7,1414.2,0.0
9917-KWRBE,Female,0,Yes,Yes,41,Yes,DSL,Yes,No,Yes,One year,Credit card (automatic),78.35,3211.2,0.0
3420-ZDBMA,Male,1,No,No,5,Yes,Fiber optic,No,No,No,Month-to-month,Mailed check,71.45,371.6,0.0
2212-LYASK,Male,0,Yes,Yes,27,No,DSL,No,No,No,One year,Credit card (automatic),45.85,1246.4,0.0
1393-IMKZG,Female,0,No,No,1,Yes,Fiber optic,No,Yes,Yes,Month-to-month,Electronic check,95.85,95.85,0.0
8069-RHUXK,Female,0,Yes,Yes,67,No,DSL,Yes,Yes,No,Two year,Credit card (automatic),35.7,2545.7,0.0
3398-GCPMU,Female,1,Yes,Yes,72,Yes,DSL,Yes,Yes,Yes,Two year,Credit card (automatic),89.55,6448.85,0.0
2908-WGAXL,Female,0,Yes,Yes,56,Yes,No,No internet service,No internet service,No internet service,Two year,Credit card (automatic),24.95,1468.9,0.0
3378-AJRAO,Male,0,Yes,Yes,44,Yes,No,No internet service,No internet service,No internet service,One year,Electronic check,24.85,1013.6,0.0
1013-QCWAM,Female,1,Yes,No,66,Yes,Fiber optic,No,No,Yes,Month-to-month,Electronic check,100.8,6690.75,0.0
0866-QLSIR,Female,0,No,No,34,Yes,DSL,Yes,Yes,No,One year,Mailed check,64.4,2088.75,1.0
6050-FFXES,Female,0,Yes,No,69,Yes,Fiber optic,No,Yes,Yes,Two year,Bank transfer (automatic),105.35,7240.65,0.0
7181-BQYBV,Female,0,Yes,Yes,1,Yes,Fiber optic,Yes,No,Yes,Month-to-month,Electronic check,102.45,102.45,1.0
0362-RAOQO,Female,0,No,No,40,Yes,No,No internet service,No internet service,No internet service,Two year,Credit card (automatic),19.65,830.25,0.0
9554-DFKIC,Male,0,Yes,Yes,30,Yes,DSL,Yes,No,No,Month-to-month,Bank transfer (automatic),54.45,1588.7,0.0
5527-ACHSO,Female,0,No,No,11,Yes,DSL,No,Yes,Yes,Month-to-month,Mailed check,70.5,829.3,0.0
0829-DDVLK,Female,0,No,No,15,Yes,No,No internet service,No internet service,No internet service,One year,Credit card (automatic),20.1,302.45,0.0
1399-UBQIU,Male,0,No,No,11,Yes,DSL,No,No,Yes,Month-to-month,Electronic check,69.35,712.25,0.0
1813-JLKWR,Female,0,Yes,Yes,64,Yes,No,No internet service,No internet service,No internet service,One year,Bank transfer (automatic),19.8,1336.65,0.0
0336-PIKEI,Male,1,Yes,No,72,Yes,DSL,Yes,Yes,Yes,Two year,Bank transfer (automatic),74.4,5360.75,0.0
7322-OCWHC,Male,1,Yes,No,72,Yes,Fiber optic,Yes,Yes,No,Two year,Bank transfer (automatic),93.05,6735.05,0.0
9537-VHDTA,Female,0,No,Yes,1,Yes,DSL,Yes,No,No,Month-to-month,Mailed check,51.2,51.2,0.0
4957-TIALW,Female,0,No,Yes,15,Yes,DSL,Yes,Yes,No,One year,Credit card (automatic),65.6,1010.0,0.0
2054-PJOCK,Female,0,No,No,60,Yes,DSL,No,Yes,Yes,One year,Credit card (automatic),80.55,4847.05,0.0
9150-HEPMB,Male,0,No,No,56,Yes,DSL,Yes,No,No,One year,Mailed check,52.7,3019.7,0.0
9030-QGZNL,Female,0,No,No,8,Yes,No,No internet service,No internet service,No internet service,Two year,Mailed check,20.85,161.65,0.0
6204-IEUXJ,Female,0,No,No,3,Yes,Fiber optic,No,Yes,No,Month-to-month,Credit card (automatic),80.1,217.55,1.0
3126-WQMGH,Female,0,Yes,No,49,Yes,DSL,No,No,No,Month-to-month,Credit card (automatic),52.15,2583.75,0.0
4529-CKBCL,Female,0,No,No,2,Yes,Fiber optic,No,No,Yes,Month-to-month,Electronic check,80.2,146.05,1.0
2506-CLAKW,Female,0,No,No,6,Yes,Fiber optic,Yes,Yes,No,Month-to-month,Bank transfer (automatic),98.15,567.45,1.0
7176-WRTNX,Male,0,No,No,70,Yes,Fiber optic,Yes,Yes,Yes,Two year,Bank transfer (automatic),114.95,7711.25,0.0
1583-IHQZE,Male,0,No,No,12,Yes,Fiber optic,No,Yes,Yes,Month-to-month,Mailed check,112.95,1384.75,1.0
5732-IKGQH,Male,1,Yes,No,52,Yes,Fiber optic,Yes,Yes,Yes,One year,Bank transfer (automatic),104.45,5481.25,0.0
9239-GZHZE,Female,0,Yes,No,72,Yes,Fiber optic,Yes,Yes,Yes,Two year,Credit card (automatic),113.65,8124.2,0.0
7205-BAIAD,Female,0,No,No,40,Yes,No,No internet service,No internet service,No internet service,Two year,Bank transfer (automatic),20.6,827.3,0.0
0151-ONTOV,Female,0,No,No,1,Yes,Fiber optic,No,No,No,Month-to-month,Mailed check,70.9,70.9,1.0
4140-MUHUG,Female,1,No,No,3,Yes,Fiber optic,No,No,Yes,Month-to-month,Electronic check,86.85,220.95,1.0
0093-EXYQL,Female,1,No,No,40,Yes,Fiber optic,No,No,Yes,Month-to-month,Electronic check,91.55,3673.6,0.0
8064-RAVOH,Male,0,No,Yes,1,Yes,DSL,No,No,No,Month-to-month,Electronic check,49.85,49.85,0.0
0219-QAERP,Male,0,Yes,No,30,Yes,No,No internet service,No internet service,No internet service,One year,Credit card (automatic),19.8,576.65,0.0
0320-JDNQG,Male,0,Yes,Yes,23,Yes,Fiber optic,Yes,Yes,Yes,Month-to-month,Electronic check,99.85,2331.3,1.0
7180-PISOG,Male,0,Yes,Yes,1,Yes,Fiber optic,No,No,No,Month-to-month,Electronic check,74.5,74.5,1.0
9168-INPSZ,Female,1,Yes,No,44,Yes,Fiber optic,No,Yes,Yes,Month-to-month,Electronic check,104.15,4495.65,0.0
3571-RFHAR,Male,0,No,No,65,Yes,Fiber optic,No,Yes,Yes,Month-to-month,Electronic check,109.15,6941.2,1.0
0015-UOCOJ,Female,1,No,No,7,Yes,DSL,Yes,No,No,Month-to-month,Electronic check,48.2,340.35,0.0
5334-AFQJB,Male,1,No,No,72,Yes,No,No internet service,No internet service,No internet service,Two year,Credit card (automatic),25.1,1789.9,0.0
2754-SDJRD,Female,1,No,No,8,Yes,Fiber optic,No,Yes,Yes,Month-to-month,Credit card (automatic),100.15,908.55,0.0
9578-VRMNM,Female,0,No,No,16,Yes,DSL,No,No,No,Month-to-month,Credit card (automatic),65.2,1043.35,1.0
1587-FKLZB,Male,1,Yes,Yes,66,Yes,Fiber optic,No,No,Yes,Month-to-month,Credit card (automatic),99.5,6822.15,1.0
6140-QNRQQ,Male,0,No,No,1,Yes,Fiber optic,No,No,No,Month-to-month,Mailed check,71.55,71.55,1.0
8963-JLGJT,Male,0,No,Yes,3,Yes,DSL,Yes,No,No,Month-to-month,Mailed check,55.9,157.55,0.0
4307-KTUMW,Male,0,Yes,No,53,Yes,Fiber optic,Yes,No,No,Month-to-month,Electronic check,93.9,5029.2,1.0
1465-LNTLJ,Male,1,Yes,No,8,Yes,DSL,No,Yes,No,Month-to-month,Credit card (automatic),64.4,581.7,0.0
5440-FLBQG,Male,1,Yes,No,69,Yes,Fiber optic,No,Yes,Yes,Two year,Bank transfer (automatic),108.4,7318.2,1.0
2135-DQWAQ,Female,0,No,No,5,Yes,Fiber optic,No,No,Yes,Month-to-month,Mailed check,85.3,420.45,0.0
4056-QHXHZ,Female,0,Yes,Yes,72,Yes,Fiber optic,Yes,Yes,Yes,Two year,Mailed check,107.45,7576.7,0.0
7470-MCQTK,Female,0,Yes,No,13,No,DSL,No,No,Yes,Month-to-month,Bank transfer (automatic),48.75,633.4,1.0
7488-MXJIV,Female,0,No,No,4,Yes,Fiber optic,No,No,Yes,Month-to-month,Electronic check,85.65,321.65,1.0
7401-JIXNM,Female,0,Yes,Yes,54,Yes,DSL,Yes,Yes,Yes,Two year,Credit card (automatic),91.3,4965.0,0.0
9339-FIIJL,Male,0,Yes,No,72,Yes,DSL,No,Yes,Yes,Two year,Bank transfer (automatic),85.95,6151.9,0.0
2027-FECZV,Male,0,No,No,12,Yes,Fiber optic,No,No,Yes,Month-to-month,Electronic check,106.7,1253.9,1.0
2672-DZUOY,Male,0,No,No,1,No,DSL,No,No,No,Month-to-month,Electronic check,25.15,25.15,1.0
4706-DGAHW,Male,1,No,No,1,Yes,DSL,No,No,No,Month-to-month,Electronic check,45.2,45.2,0.0
3870-MQAMG,Female,0,Yes,No,54,Yes,Fiber optic,No,Yes,Yes,One year,Electronic check,110.35,5893.15,1.0
6670-MFRPK,Male,0,Yes,Yes,69,Yes,Fiber optic,No,No,No,Two year,Credit card (automatic),79.2,5420.65,0.0
6177-PEVRA,Female,0,No,No,48,Yes,DSL,Yes,No,No,Two year,Credit card (automatic),55.5,2627.35,0.0
4800-CZMPC,Female,0,Yes,Yes,48,Yes,Fiber optic,Yes,No,Yes,One year,Credit card (automatic),103.25,5037.55,1.0
4813-HQMGZ,Female,0,Yes,No,8,Yes,Fiber optic,No,Yes,No,Month-to-month,Electronic check,90.25,743.75,0.0
7579-KKLOE,Male,0,Yes,Yes,71,Yes,DSL,Yes,Yes,Yes,Two year,Mailed check,91.25,6589.6,0.0
7377-DMMRI,Male,0,No,No,2,Yes,DSL,Yes,No,No,Month-to-month,Electronic check,47.8,92.45,1.0
8402-EIVQS,Male,0,Yes,No,67,Yes,Fiber optic,Yes,No,Yes,One year,Credit card (automatic),100.9,6733.15,0.0
4947-DSMXK,Male,0,Yes,Yes,34,Yes,Fiber optic,No,No,Yes,Month-to-month,Bank transfer (automatic),97.7,3410.0,0.0
7245-NIIWQ,Female,0,No,No,3,Yes,Fiber optic,No,No,No,Month-to-month,Electronic check,69.85,199.85,0.0
0002-ORFBO,Female,0,Yes,Yes,9,Yes,DSL,No,Yes,Yes,One year,Mailed check,65.6,593.3,0.0
3324-OIRTO,Male,0,Yes,Yes,71,Yes,Fiber optic,Yes,No,Yes,One year,Bank transfer (automatic),104.65,7288.4,0.0
5414-OFQCB,Male,0,No,No,57,Yes,Fiber optic,No,Yes,Yes,Two year,Credit card (automatic),90.45,5229.8,0.0
4967-WPNCF,Male,0,No,No,72,No,DSL,Yes,Yes,Yes,Two year,Bank transfer (automatic),63.7,4464.8,0.0
8552-OBVRU,Female,1,Yes,Yes,48,Yes,Fiber optic,Yes,Yes,Yes,Month-to-month,Electronic check,104.5,5068.05,0.0
8499-BRXTD,Male,0,No,No,18,Yes,No,No internet service,No internet service,No internet service,One year,Mailed check,20.1,401.85,0.0
9154-QDGTH,Male,0,Yes,Yes,43,Yes,Fiber optic,No,Yes,Yes,One year,Credit card (automatic),104.3,4451.85,0.0
8197-BFWVU,Female,0,Yes,Yes,72,Yes,DSL,Yes,Yes,Yes,Two year,Bank transfer (automatic),93.25,6688.95,0.0
2577-GVSIL,Male,0,Yes,Yes,35,Yes,DSL,No,Yes,Yes,One year,Bank transfer (automatic),73.45,2661.1,0.0
9367-OIUXP,Male,0,No,No,4,Yes,No,No internet service,No internet service,No internet service,Month-to-month,Mailed check,20.7,73.05,0.0
6770-UAYGJ,Female,0,Yes,Yes,49,Yes,No,No internet service,No internet service,No internet service,Two year,Mailed check,25.25,1211.65,0.0
6463-HHXJR,Female,0,Yes,Yes,71,Yes,Fiber optic,Yes,No,Yes,Two year,Bank transfer (automatic),100.5,7030.65,0.0
7928-VJYAB,Male,0,Yes,Yes,11,Yes,Fiber optic,No,No,Yes,Month-to-month,Electronic check,90.6,1020.2,0.0
1187-WILMM,Male,0,Yes,Yes,63,Yes,DSL,Yes,Yes,Yes,Two year,Credit card (automatic),89.4,5597.65,0.0
9776-OJUZI,Female,1,No,No,65,Yes,Fiber optic,No,No,Yes,Month-to-month,Bank transfer (automatic),95.45,6223.3,0.0
1306-RPWXZ,Female,0,No,Yes,49,Yes,No,No internet service,No internet service,No internet service,Two year,Credit card (automatic),20.45,1024.65,0.0
8949-JTMAY,Female,0,No,No,29,Yes,Fiber optic,No,No,Yes,Month-to-month,Credit card (automatic),98.6,2933.2,1.0
2774-LVQUS,Female,1,Yes,No,15,Yes,Fiber optic,No,Yes,No,Month-to-month,Electronic check,83.05,1258.3,1.0
3097-PYWXL,Female,0,Yes,Yes,4,Yes,No,No internet service,No internet service,No internet service,Month-to-month,Electronic check,19.95,82.9,0.0
2266-SJNAT,Female,0,Yes,No,72,Yes,Fiber optic,No,Yes,Yes,One year,Credit card (automatic),109.15,7789.6,0.0
0869-PAPRP,Female,1,Yes,No,26,Yes,Fiber optic,No,No,Yes,Month-to-month,Credit card (automatic),85.7,2067.0,0.0
4238-JSSWH,Female,1,Yes,No,35,Yes,Fiber optic,No,No,Yes,Month-to-month,Bank transfer (automatic),102.05,3452.55,0.0
2972-YDYUW,Female,0,No,No,57,Yes,Fiber optic,No,Yes,No,One year,Electronic check,94.7,5468.95,0.0
1104-FEJAM,Male,0,Yes,Yes,28,Yes,DSL,No,No,No,Month-to-month,Electronic check,64.4,1802.15,0.0
2809-ILCYT,Female,0,Yes,No,25,Yes,No,No internet service,No internet service,No internet service,One year,Mailed check,26.8,733.55,0.0
5499-ECUTN,Female,0,Yes,No,47,Yes,DSL,Yes,No,Yes,One year,Credit card (automatic),66.05,3021.45,0.0
4981-FLTMF,Female,0,Yes,Yes,57,Yes,DSL,Yes,Yes,No,Month-to-month,Bank transfer (automatic),65.2,3687.85,0.0
9121-PHQSR,Male,1,Yes,No,16,Yes,Fiber optic,No,No,Yes,Month-to-month,Credit card (automatic),85.05,1391.15,0.0
3113-IWHLC,Male,0,No,No,5,Yes,DSL,Yes,No,No,Month-to-month,Mailed check,55.8,274.35,0.0
3211-ILJTT,Male,0,Yes,No,17,Yes,Fiber optic,No,No,No,Month-to-month,Bank transfer (automatic),70.4,1214.05,1.0
4612-THJBS,Female,1,No,No,56,Yes,Fiber optic,No,No,Yes,One year,Bank transfer (automatic),104.75,5510.65,1.0
4277-BWBML,Male,0,Yes,Yes,72,Yes,No,No internet service,No internet service,No internet service,Two year,Bank transfer (automatic),19.95,1322.85,0.0
4094-NSEDU,Female,1,No,No,21,Yes,Fiber optic,No,No,Yes,Month-to-month,Electronic check,94.25,1973.75,1.0
0234-TEVTT,Female,0,Yes,Yes,48,No,DSL,Yes,No,No,One year,Credit card (automatic),45.0,2196.3,0.0
4304-TSPVK,Female,0,Yes,No,68,Yes,Fiber optic,Yes,Yes,Yes,Two year,Bank transfer (automatic),114.9,7843.55,0.0
1552-AAGRX,Female,0,No,No,30,Yes,Fiber optic,Yes,Yes,Yes,Month-to-month,Bank transfer (automatic),106.4,3211.9,0.0
2637-FKFSY,Female,0,Yes,No,3,Yes,DSL,No,No,No,Month-to-month,Mailed check,46.1,130.15,0.0
9796-MVYXX,Female,1,No,No,14,No,DSL,Yes,Yes,No,Two year,Mailed check,39.7,692.35,0.0
7874-ECPQJ,Female,0,No,Yes,4,Yes,No,No internet service,No internet service,No internet service,Month-to-month,Bank transfer (automatic),20.05,85.5,0.0
0020-INWCK,Female,0,Yes,Yes,71,Yes,Fiber optic,No,No,No,Two year,Credit card (automatic),95.75,6849.4,0.0
7089-RKVSZ,Male,0,Yes,Yes,8,Yes,No,No internet service,No internet service,No internet service,One year,Mailed check,24.4,203.95,0.0
2683-JXWQQ,Male,0,Yes,Yes,61,No,DSL,Yes,No,No,Month-to-month,Bank transfer (automatic),33.6,2117.2,0.0
9548-ZMVTX,Male,0,Yes,Yes,72,Yes,Fiber optic,No,Yes,No,Two year,Bank transfer (automatic),90.45,6565.85,0.0
8739-XNIKG,Female,0,No,No,5,Yes,Fiber optic,No,No,Yes,Month-to-month,Electronic check,84.0,424.75,0.0
9755-JHNMN,Female,0,No,No,49,Yes,DSL,Yes,Yes,No,Two year,Bank transfer (automatic),67.4,3306.85,0.0
3981-QSVQI,Male,0,No,No,8,Yes,No,No internet service,No internet service,No internet service,Month-to-month,Bank transfer (automatic),19.7,168.9,0.0
2789-HQBOU,Male,0,No,No,3,Yes,Fiber optic,No,No,No,Month-to-month,Electronic check,80.35,253.8,0.0
9424-CMPOG,Male,0,Yes,Yes,9,Yes,No,No internet service,No internet service,No internet service,Two year,Mailed check,19.6,197.4,0.0
5067-WJEUN,Male,0,Yes,Yes,67,Yes,DSL,Yes,No,No,Two year,Bank transfer (automatic),54.2,3838.2,0.0
3450-WXOAT,Male,0,No,No,46,Yes,DSL,No,No,No,Month-to-month,Credit card (automatic),45.2,2065.15,0.0
9251-WNSOD,Female,0,Yes,No,67,Yes,DSL,Yes,No,No,One year,Mailed check,75.1,5064.45,0.0
6974-DAFLI,Female,0,Yes,No,55,Yes,No,No internet service,No internet service,No internet service,One year,Electronic check,19.7,1140.05,0.0
2616-UUTFK,Male,0,Yes,No,33,Yes,DSL,Yes,No,Yes,Month-to-month,Bank transfer (automatic),72.75,2447.45,0.0
7064-JHXCE,Male,0,Yes,Yes,62,Yes,No,No internet service,No internet service,No internet service,Two year,Credit card (automatic),20.05,1263.9,0.0
5103-MHMHY,Female,0,No,Yes,1,Yes,DSL,No,No,No,Month-to-month,Mailed check,45.95,45.95,1.0
7989-AWGEH,Male,0,Yes,Yes,49,No,DSL,Yes,No,No,Month-to-month,Electronic check,39.2,1838.15,0.0
4373-VVHQL,Male,0,No,No,1,Yes,DSL,No,No,No,Month-to-month,Electronic check,44.75,44.75,0.0
4559-UWIHT,Male,0,Yes,No,14,Yes,Fiber optic,No,No,No,Month-to-month,Electronic check,82.65,1185.0,0.0
7268-IGMFD,Male,1,No,No,18,Yes,Fiber optic,No,Yes,Yes,Month-to-month,Bank transfer (automatic),93.9,1743.9,0.0
1846-XWOQN,Female,1,No,No,1,Yes,Fiber optic,No,No,No,Month-to-month,Electronic check,70.15,70.15,1.0
0235-KGSLC,Female,0,No,No,1,Yes,Fiber optic,No,No,Yes,Month-to-month,Credit card (automatic),85.55,85.55,1.0
6650-BWFRT,Female,0,Yes,No,72,Yes,Fiber optic,Yes,Yes,Yes,Two year,Credit card (automatic),117.15,8529.5,0.0
9570-KYEUA,Male,0,No,No,64,Yes,Fiber optic,Yes,Yes,No,Two year,Credit card (automatic),99.25,6549.45,0.0
6993-YGFJV,Male,0,Yes,No,69,Yes,Fiber optic,Yes,Yes,Yes,Two year,Bank transfer (automatic),112.55,7806.5,0.0
2712-SYWAY,Female,0,No,No,1,Yes,No,No internet service,No internet service,No internet service,Month-to-month,Electronic check,25.7,25.7,0.0
0730-BGQGF,Male,0,Yes,Yes,71,Yes,DSL,Yes,Yes,Yes,Two year,Credit card (automatic),90.3,6287.3,0.0
5498-IBWPI,Female,0,Yes,Yes,66,Yes,DSL,No,Yes,No,One year,Credit card (automatic),49.4,3251.85,0.0
9101-NTIXF,Male,0,No,No,2,Yes,No,No internet service,No internet service,No internet service,Month-to-month,Mailed check,19.4,50.6,0.0
0013-SMEOE,Female,1,Yes,No,71,Yes,Fiber optic,Yes,Yes,Yes,Two year,Bank transfer (automatic),109.7,7904.25,0.0
9314-QDMDW,Male,0,No,No,11,Yes,DSL,No,No,Yes,One year,Electronic check,61.25,729.95,0.0
9308-ANMVE,Male,0,No,Yes,47,Yes,DSL,Yes,No,No,Month-to-month,Electronic check,55.3,2654.05,0.0
2884-GBPFB,Female,0,Yes,No,35,Yes,Fiber optic,No,No,No,Month-to-month,Electronic check,70.3,2416.55,1.0
3757-NJYBX,Male,1,Yes,No,32,Yes,Fiber optic,No,No,Yes,Month-to-month,Bank transfer (automatic),106.35,3520.75,1.0
3413-DHLPB,Male,0,Yes,Yes,60,Yes,Fiber optic,No,Yes,Yes,Month-to-month,Bank transfer (automatic),103.75,5969.95,0.0
7649-PHJVR,Male,0,No,No,11,Yes,No,No internet service,No internet service,No internet service,One year,Mailed check,19.5,226.8,0.0
6114-TCFID,Female,0,No,No,29,No,DSL,Yes,Yes,No,One year,Credit card (automatic),39.5,1082.75,0.0
3787-TRIAL,Male,0,Yes,Yes,21,No,DSL,No,No,No,Month-to-month,Electronic check,26.05,565.75,0.0
2573-GYRUU,Male,1,Yes,No,48,Yes,Fiber optic,No,No,No,Month-to-month,Credit card (automatic),91.05,4370.75,0.0
5156-UMKOW,Female,0,No,Yes,3,No,DSL,No,No,No,Month-to-month,Mailed check,29.65,90.05,0.0
1247-QBVSH,Female,0,Yes,Yes,43,Yes,DSL,No,No,No,Month-to-month,Mailed check,50.2,2169.4,0.0
6734-GMPVK,Male,0,No,No,5,Yes,Fiber optic,No,No,Yes,Month-to-month,Electronic check,105.3,550.6,0.0
9822-OAOVB,Female,0,No,No,1,Yes,DSL,No,No,No,Month-to-month,Electronic check,55.45,55.45,0.0
6161-ERDGD,Male,0,Yes,Yes,71,Yes,DSL,Yes,Yes,Yes,One year,Electronic check,85.45,6300.85,0.0
1226-JZNKR,Female,0,Yes,Yes,8,Yes,No,No internet service,No internet service,No internet service,One year,Electronic check,19.8,160.05,0.0
7318-EIVKO,Male,0,No,No,8,Yes,DSL,No,No,Yes,Month-to-month,Electronic check,59.25,436.6,0.0
3771-PZOBW,Male,0,No,No,20,Yes,Fiber optic,No,No,Yes,Month-to-month,Credit card (automatic),90.7,1781.35,0.0
5136-KCKGI,Female,0,Yes,Yes,33,Yes,Fiber optic,Yes,No,Yes,One year,Mailed check,103.7,3467.0,1.0
8231-BSWXX,Male,0,No,No,71,Yes,Fiber optic,No,No,No,One year,Credit card (automatic),79.05,5552.5,0.0
6486-LHTMA,Female,1,Yes,No,31,Yes,Fiber optic,No,No,Yes,One year,Electronic check,90.7,2835.5,0.0
4083-BFNYK,Female,1,Yes,No,38,Yes,Fiber optic,Yes,No,No,One year,Credit card (automatic),95.0,3591.25,0.0
3722-WPXTK,Male,0,No,No,1,Yes,Fiber optic,No,No,Yes,Month-to-month,Electronic check,88.35,88.35,1.0
7389-KBFIT,Female,0,Yes,Yes,2,No,DSL,No,No,No,Month-to-month,Mailed check,30.25,63.75,0.0
7176-WIONM,Female,0,Yes,No,12,No,DSL,No,No,Yes,Month-to-month,Bank transfer (automatic),49.85,617.15,0.0
5141-ZUVBH,Female,0,No,Yes,9,Yes,Fiber optic,Yes,Yes,No,Month-to-month,Bank transfer (automatic),93.0,870.25,0.0
1089-HDMKP,Male,1,No,Yes,11,Yes,DSL,No,Yes,No,Month-to-month,Electronic check,54.55,601.25,0.0
7623-HKYRK,Male,0,No,Yes,6,Yes,No,No internet service,No internet service,No internet service,Month-to-month,Mailed check,19.7,111.65,0.0
0310-SUCIN,Female,0,Yes,No,71,Yes,DSL,Yes,Yes,Yes,One year,Bank transfer (automatic),84.8,6046.1,0.0
5197-PYEPU,Female,0,Yes,Yes,42,Yes,Fiber optic,Yes,No,Yes,One year,Credit card (automatic),94.45,3923.8,0.0
2929-ERCFZ,Female,0,Yes,Yes,8,Yes,Fiber optic,No,No,Yes,Month-to-month,Electronic check,94.2,777.3,1.0
7548-SEPYI,Female,0,No,No,5,Yes,Fiber optic,No,No,Yes,Month-to-month,Electronic check,96.25,512.45,1.0
8835-VSDSE,Female,0,Yes,No,2,Yes,Fiber optic,No,No,No,Month-to-month,Electronic check,70.7,141.45,1.0
6619-RPLQZ,Female,0,Yes,Yes,45,Yes,No,No internet service,No internet service,No internet service,Two year,Mailed check,20.85,892.15,0.0
3275-RHRNE,Male,0,Yes,Yes,28,No,DSL,No,Yes,Yes,One year,Credit card (automatic),60.0,1682.05,0.0
3503-TYDAY,Female,0,Yes,No,43,Yes,Fiber optic,No,No,No,Month-to-month,Electronic check,80.45,3398.9,0.0
6901-GOGZG,Male,0,No,Yes,60,Yes,DSL,Yes,Yes,Yes,Two year,Electronic check,84.95,4984.85,0.0
1623-NLDOT,Female,0,Yes,No,42,No,DSL,No,Yes,No,One year,Mailed check,33.55,1445.3,1.0
7021-XSNYE,Male,0,Yes,Yes,7,No,DSL,Yes,Yes,No,Two year,Credit card (automatic),49.65,305.55,0.0
9621-OUPYD,Female,0,Yes,No,25,Yes,No,No internet service,No internet service,No internet service,One year,Bank transfer (automatic),20.2,507.9,0.0
9898-KZQDZ,Female,1,Yes,Yes,40,Yes,Fiber optic,No,No,Yes,Month-to-month,Credit card (automatic),94.55,3640.45,1.0
8982-NHAVY,Male,0,No,No,27,Yes,Fiber optic,No,No,Yes,One year,Bank transfer (automatic),100.5,2673.45,0.0
4307-KWMXE,Male,0,No,No,10,No,DSL,No,Yes,No,Month-to-month,Electronic check,35.75,389.8,0.0
0141-YEAYS,Female,1,No,No,27,Yes,Fiber optic,No,No,No,Month-to-month,Bank transfer (automatic),86.45,2401.05,0.0
2450-ZKEED,Female,0,No,No,11,Yes,DSL,No,Yes,No,One year,Bank transfer (automatic),53.8,651.55,0.0
3694-DELSO,Male,0,Yes,Yes,4,No,DSL,Yes,No,Yes,Month-to-month,Credit card (automatic),38.55,156.1,0.0
3893-JRNFS,Male,0,No,No,68,No,DSL,No,No,No,Month-to-month,Bank transfer (automatic),39.9,2796.35,0.0
9603-OAIHC,Male,1,No,No,1,Yes,Fiber optic,No,No,No,Month-to-month,Electronic check,70.05,70.05,0.0
1133-KXCGE,Female,0,No,No,18,Yes,No,No internet service,No internet service,No internet service,One year,Mailed check,20.1,407.05,0.0
5236-PERKL,Female,0,No,No,57,Yes,Fiber optic,Yes,No,Yes,Two year,Bank transfer (automatic),112.95,6465.0,1.0
0142-GVYSN,Male,0,No,No,26,Yes,No,No internet service,No internet service,No internet service,Month-to-month,Electronic check,20.3,511.25,0.0
1049-FYSYG,Female,0,Yes,No,17,No,DSL,No,No,No,Month-to-month,Credit card (automatic),35.65,646.05,0.0
7854-FOKSF,Male,0,No,No,1,No,DSL,No,No,No,Month-to-month,Electronic check,35.9,35.9,1.0
2519-FAKOD,Male,0,No,Yes,38,Yes,Fiber optic,No,No,Yes,Month-to-month,Bank transfer (automatic),99.25,3777.15,1.0
8406-LNMHF,Male,1,Yes,No,59,Yes,Fiber optic,Yes,No,No,One year,Credit card (automatic),82.95,4903.15,0.0
1821-BUCWY,Male,0,No,No,30,Yes,DSL,Yes,No,No,Two year,Mailed check,55.65,1653.85,0.0
8263-JQAIK,Male,1,No,No,2,No,DSL,No,No,No,Month-to-month,Mailed check,24.45,47.5,1.0
0023-UYUPN,Female,1,Yes,No,50,Yes,No,No internet service,No internet service,No internet service,One year,Electronic check,25.2,1306.3,0.0
8314-DPQHL,Male,0,No,No,9,No,DSL,Yes,Yes,No,One year,Mailed check,50.8,463.6,0.0
1465-WCZVT,Female,0,Yes,Yes,3,Yes,No,No internet service,No internet service,No internet service,Month-to-month,Mailed check,19.65,60.65,0.0
9481-SFCQY,Female,0,No,Yes,14,Yes,DSL,No,No,Yes,Month-to-month,Credit card (automatic),59.8,824.85,0.0
6360-SVNWV,Female,1,No,No,31,Yes,Fiber optic,Yes,No,No,Month-to-month,Credit card (automatic),73.55,2094.65,0.0
0567-GGCAC,Female,0,No,No,7,Yes,DSL,Yes,No,No,Month-to-month,Electronic check,61.4,438.9,0.0
7089-IVVAZ,Female,0,No,No,8,Yes,Fiber optic,Yes,Yes,Yes,Month-to-month,Bank transfer (automatic),103.35,847.3,1.0
8884-MRNSU,Male,0,Yes,Yes,17,Yes,No,No internet service,No internet service,No internet service,One year,Bank transfer (automatic),19.9,329.75,0.0
2171-UDMFD,Male,0,Yes,Yes,32,Yes,No,No internet service,No internet service,No internet service,Month-to-month,Credit card (automatic),19.45,674.55,0.0
9050-IKDZA,Female,1,No,No,2,Yes,Fiber optic,No,No,Yes,Month-to-month,Mailed check,81.5,162.55,0.0
2205-YMZZJ,Male,1,No,No,7,Yes,Fiber optic,No,No,Yes,Month-to-month,Electronic check,84.8,546.95,1.0
9802-CAQUT,Female,0,Yes,Yes,72,Yes,Fiber optic,Yes,No,Yes,Two year,Credit card (automatic),109.55,7887.25,0.0
1254-IZEYF,Female,1,No,No,31,Yes,Fiber optic,No,No,Yes,Month-to-month,Electronic check,99.95,3186.65,1.0
0187-WZNAB,Female,0,Yes,Yes,27,Yes,Fiber optic,Yes,No,No,Month-to-month,Mailed check,74.4,1972.35,0.0
9492-TOKRI,Female,0,No,No,18,Yes,Fiber optic,No,No,Yes,Month-to-month,Credit card (automatic),90.0,1527.35,1.0
1475-VWVDO,Male,0,No,No,7,Yes,Fiber optic,No,No,No,Month-to-month,Electronic check,74.9,490.55,0.0
9221-OTIVJ,Female,1,No,No,14,Yes,Fiber optic,No,No,Yes,Month-to-month,Electronic check,104.85,1531.4,1.0
1357-MVDOZ,Male,0,Yes,Yes,11,Yes,DSL,No,No,Yes,Month-to-month,Bank transfer (automatic),59.65,683.25,0.0
7602-MVRMB,Female,0,Yes,Yes,72,Yes,Fiber optic,Yes,Yes,Yes,Two year,Bank transfer (automatic),110.45,8058.85,0.0
3325-FUYCG,Male,0,Yes,Yes,28,Yes,Fiber optic,Yes,No,Yes,One year,Electronic check,106.1,2847.4,1.0
5908-QMGOE,Male,1,No,No,15,Yes,Fiber optic,No,No,No,Month-to-month,Credit card (automatic),74.2,1133.9,1.0
1197-BVMVG,Female,1,No,No,4,Yes,Fiber optic,No,No,No,Month-to-month,Electronic check,74.45,294.45,0.0
5406-KGRMX,Female,0,No,No,71,Yes,No,No internet service,No internet service,No internet service,Two year,Electronic check,24.55,1719.15,0.0
8481-YYXWG,Female,0,No,No,5,Yes,Fiber optic,No,Yes,No,Month-to-month,Electronic check,89.35,461.7,1.0
5968-HYJRZ,Male,0,Yes,Yes,47,Yes,No,No internet service,No internet service,No internet service,Two year,Mailed check,24.55,1160.45,0.0
5198-EFNBM,Male,1,Yes,No,57,Yes,Fiber optic,No,No,Yes,One year,Electronic check,90.65,5199.8,0.0
7516-GMHUV,Male,1,Yes,No,50,Yes,Fiber optic,Yes,No,Yes,Two year,Credit card (automatic),105.05,5163.3,0.0
7140-ADSMJ,Male,0,No,No,8,Yes,No,No internet service,No internet service,No internet service,Month-to-month,Credit card (automatic),20.45,162.3,0.0
2230-XTUWL,Female,0,Yes,Yes,48,Yes,No,No internet service,No internet service,No internet service,Two year,Mailed check,19.55,883.35,0.0
7706-YLMQA,Female,0,No,No,70,Yes,No,No internet service,No internet service,No internet service,One year,Bank transfer (automatic),19.7,1341.5,0.0
2585-KTFRE,Male,0,No,Yes,1,Yes,DSL,Yes,Yes,No,Month-to-month,Bank transfer (automatic),70.45,70.45,0.0
7994-UYIVZ,Male,0,Yes,No,8,Yes,Fiber optic,No,No,No,Month-to-month,Bank transfer (automatic),85.65,659.45,0.0
2609-IAICY,Female,0,No,No,1,Yes,Fiber optic,No,No,No,Month-to-month,Electronic check,77.15,77.15,1.0
1740-CSDJP,Male,0,No,No,1,No,DSL,No,No,No,Month-to-month,Bank transfer (automatic),35.25,35.25,1.0
7717-BICXI,Male,0,Yes,Yes,60,Yes,No,No internet service,No internet service,No internet service,Two year,Mailed check,20.55,1205.05,0.0
6559-RAKOZ,Male,0,Yes,Yes,49,Yes,Fiber optic,No,Yes,Yes,One year,Electronic check,97.95,4917.9,0.0
2636-OHFMN,Male,0,Yes,No,4,No,DSL,No,No,Yes,Month-to-month,Electronic check,48.55,201.0,1.0
4716-MRVEN,Female,0,No,No,29,Yes,No,No internet service,No internet service,No internet service,One year,Mailed check,20.0,599.3,0.0
2143-LJULT,Female,0,Yes,No,67,Yes,No,No internet service,No internet service,No internet service,Two year,Credit card (automatic),25.25,1733.15,0.0
1323-OOEPC,Female,0,Yes,No,53,Yes,Fiber optic,No,No,Yes,Month-to-month,Credit card (automatic),98.4,5149.5,1.0
3200-MNQTF,Male,0,Yes,No,67,Yes,DSL,Yes,Yes,No,Two year,Credit card (automatic),70.9,4677.1,0.0
6164-HXUGH,Female,0,Yes,Yes,6,Yes,No,No internet service,No internet service,No internet service,Month-to-month,Mailed check,19.85,119.3,0.0
5630-IXDXV,Female,0,No,No,47,Yes,Fiber optic,No,No,Yes,Month-to-month,Electronic check,106.35,4849.1,0.0
0320-DWVTU,Female,0,No,No,53,Yes,Fiber optic,Yes,Yes,No,Two year,Mailed check,99.5,5424.25,0.0
9135-MGVPY,Male,0,Yes,No,69,Yes,DSL,Yes,Yes,Yes,Two year,Mailed check,84.7,5878.9,0.0
1212-GLHMD,Male,0,No,No,3,Yes,Fiber optic,Yes,No,No,Month-to-month,Mailed check,86.05,244.85,0.0
7878-JGDKK,Male,0,No,No,4,Yes,DSL,No,No,No,Month-to-month,Mailed check,44.55,220.75,0.0
1088-AUUZZ,Male,0,Yes,Yes,56,Yes,DSL,Yes,Yes,No,Two year,Credit card (automatic),75.85,4261.2,0.0
0397-GZBBC,Male,1,Yes,No,59,Yes,Fiber optic,No,No,Yes,Month-to-month,Bank transfer (automatic),93.85,5574.75,1.0
6614-YWYSC,Male,1,Yes,No,61,Yes,No,No internet service,No internet service,No internet service,Two year,Bank transfer (automatic),25.0,1501.75,0.0
9588-OZDMQ,Female,0,Yes,No,2,Yes,DSL,No,No,No,Month-to-month,Electronic check,45.0,89.75,0.0
7641-EUYET,Male,1,Yes,Yes,46,Yes,Fiber optic,Yes,No,Yes,Month-to-month,Electronic check,100.7,4541.2,1.0
6476-EPYZR,Male,0,Yes,Yes,12,Yes,No,No internet service,No internet service,No internet service,Month-to-month,Mailed check,20.5,255.5,0.0
9921-ZVRHG,Female,0,No,No,14,Yes,Fiber optic,No,No,No,Month-to-month,Electronic check,80.45,1072.0,1.0
1174-FGIFN,Female,0,Yes,Yes,28,Yes,Fiber optic,No,Yes,No,One year,Electronic check,90.45,2509.25,0.0
6620-HVDUJ,Male,0,No,No,24,Yes,DSL,Yes,Yes,No,Month-to-month,Bank transfer (automatic),60.45,1440.75,0.0
4701-MLJPN,Male,0,No,No,31,Yes,DSL,No,Yes,No,Month-to-month,Electronic check,55.25,1715.65,1.0
1032-MAELW,Female,0,Yes,Yes,68,Yes,DSL,Yes,Yes,No,One year,Electronic check,78.45,5333.35,0.0
7641-TQFHN,Male,0,No,Yes,39,Yes,Fiber optic,No,Yes,Yes,Two year,Mailed check,100.55,3895.35,0.0
1552-TKMXS,Female,0,Yes,No,42,Yes,No,No internet service,No internet service,No internet service,Month-to-month,Credit card (automatic),20.35,869.9,0.0
9206-GVPEQ,Male,0,Yes,No,13,No,DSL,Yes,Yes,Yes,Month-to-month,Electronic check,54.45,706.85,1.0
8622-ZLFKO,Female,0,Yes,No,6,Yes,Fiber optic,No,No,No,Month-to-month,Electronic check,90.75,512.25,0.0
1596-BBVTG,Male,0,No,No,35,Yes,Fiber optic,No,No,No,Month-to-month,Credit card (automatic),75.35,2636.05,1.0
6188-UXBBR,Female,0,Yes,No,38,Yes,No,No internet service,No internet service,No internet service,One year,Credit card (automatic),20.25,814.75,0.0
2333-KWEWW,Male,0,No,No,18,Yes,No,No internet service,No internet service,No internet service,Two year,Credit card (automatic),20.05,388.6,0.0
5702-SKUOB,Female,0,Yes,No,4,Yes,No,No internet service,No internet service,No internet service,Month-to-month,Mailed check,19.6,93.45,0.0
1134-YWTYF,Male,0,Yes,No,27,Yes,DSL,No,Yes,No,Month-to-month,Electronic check,53.8,1389.85,0.0
6061-GWWAV,Male,0,No,Yes,41,Yes,DSL,Yes,No,Yes,One year,Mailed check,70.2,2894.55,0.0
